
-- VIVEROMARKET BASE DE DATOS--
-- CREACION TABLAS, STORESPROCEDURES, INSERTS
-- CREACION DE TABLAS
-- 21 - abril - 2010
-- ejecucion perfecta 
 
CREATE TABLE SWVMMPROVEEDOR01(
SWVM01PROV_ID INTEGER NOT NULL PRIMARY KEY, 
SWVM01NOM_EMPRESA VARCHAR(50), 
SWVM01NOM_CONTACTO VARCHAR(50), 
SWVM01CARGO_CONTACTO VARCHAR(20), 
SWVM01RUC VARCHAR(13) UNIQUE, 
SWVM01DIRECCION VARCHAR(45), 
SWVM01TELEFONO1 VARCHAR(10), 
SWVM01TELEFONO2 VARCHAR(10), 
SWVM01PAIS VARCHAR(15), 
SWVM01PROVINCIA VARCHAR(30), 
SWVM01CIUDAD VARCHAR(30), 
SWVM01EMAIL VARCHAR(80),
SWVM01CLAVE VARCHAR(250),
SWVM01ESTADO VARCHAR(1), 
SWVM01FECHA_REGP DATETIME,
SWVM01FECHA_UPDATE DATETIME); 

CREATE TABLE SWVMMCLIENTE02(
SWVM02CLI_ID INTEGER NOT NULL PRIMARY KEY, 
SWVM02NOMBRE VARCHAR(50), 
SWVM02DIRECCION VARCHAR(45), 
SWVM02CIRUC VARCHAR(13) UNIQUE, 
SWVM02PROVINCIA VARCHAR(30), 
SWVM02CIUDAD VARCHAR(30), 
SWVM02TELEFONO1 VARCHAR(10), 
SWVM02TELEFONO2 VARCHAR(10), 
SWVM02EMAIL VARCHAR(80),
SWVM02CLAVE VARCHAR(250),  
SWVM02ESTADO VARCHAR(1), 
SWVM02FECHA_REGC DATETIME,
SWVM02FECHA_UPDATE DATETIME); 

CREATE TABLE SWVMMCATEGORIA03(
SWVM03CATE_ID INTEGER NOT NULL PRIMARY KEY, 
SWVM03CATE_NOMBRE VARCHAR(30), 
SWVM03DESCRIPCION VARCHAR(120), 
SWVM03IMAGENAME VARCHAR(60),
SWVM03FECHA_REGCAT DATETIME,
SWVM03FECHA_UPDATE DATETIME); 

CREATE TABLE SWVMMPRODUCTO04(
SWVM04PROD_ID INTEGER NOT NULL, 
SWVM04CATE_ID INTEGER NOT NULL, 
SWVM04PROD_NOMBRE VARCHAR(30), 
SWVM04PRECIO "MONEY", 
SWVM04STOCK INTEGER, 
SWVM04DESCRIPCION VARCHAR(500), 
SWVM04URL VARCHAR(120), 
SWVM04SIZE VARCHAR(10), 
SWVM04IMAGENAME VARCHAR(60), 
SWVM04PROV_ID INTEGER NOT NULL,
SWVM04FECHA_REGPRO DATETIME,
SWVM04FECHA_UPDATE DATETIME,
FOREIGN KEY (SWVM04CATE_ID)
REFERENCES SWVMMCATEGORIA03(SWVM03CATE_ID),
FOREIGN KEY (SWVM04PROV_ID)
REFERENCES SWVMMPROVEEDOR01(SWVM01PROV_ID),
CONSTRAINT SWVM04PID_CID_PROVID PRIMARY KEY(SWVM04PROD_ID,SWVM04CATE_ID,SWVM04PROV_ID)); 

CREATE TABLE SWVMEPARAMETRO05(
SWVM05EMPRESA_ID INTEGER NOT NULL PRIMARY KEY, 
SWVM05NOM_EMPRESA VARCHAR(30),  
SWVM05P_IVA "MONEY", 
SWVM05FECHA_REGPARA DATETIME,
SWVM05FECHA_UPDATE DATETIME);


CREATE TABLE SWVMCCAB_COTI06(
SWVM06COTI_ID INTEGER NOT NULL PRIMARY KEY, 
SWVM06FECHA DATETIME,
SWVM06CLI_ID INTEGER NOT NULL, 
SWVM06TOTAL "MONEY",
SWVM06ESTADO VARCHAR(1),
SWVM06FECHA_UPDATE DATETIME,
FOREIGN KEY (SWVM06CLI_ID) REFERENCES SWVMMCLIENTE02(SWVM02CLI_ID)); 

CREATE TABLE SWVMDDET_COTI07(
SWVM07COTI_ID INTEGER NOT NULL, 
SWVM07PROD_ID INTEGER NOT NULL,
SWVM07CATE_ID INTEGER NOT NULL,
SWVM07CANTIDAD INTEGER, 
SWVM07PRECIO "MONEY", 
SWVM07SUBTOTAL "MONEY", 
SWVM07IVA "MONEY", 
SWVM07PROV_ID INTEGER NOT NULL,
FOREIGN KEY (SWVM07COTI_ID) 
REFERENCES SWVMCCAB_COTI06(SWVM06COTI_ID),
FOREIGN KEY (SWVM07PROD_ID,SWVM07CATE_ID,SWVM07PROV_ID) 
REFERENCES SWVMMPRODUCTO04(SWVM04PROD_ID,SWVM04CATE_ID,SWVM04PROV_ID)); 

CREATE TABLE SWVMMUSUARIO08(
SWVM08USER_ID INTEGER NOT NULL PRIMARY KEY, 
SWVM08NOMBRE VARCHAR(50), 
SWVM08DEPARTAMENTO VARCHAR(30), 
SWVM08CARGO VARCHAR(15), 
SWVM08EMAIL VARCHAR(80), 
SWVM08CLAVE VARCHAR(250),
SWVM08ESTADO VARCHAR(1),
SWVM08FECHA_REGU DATETIME,
SWVM08FECHA_UPDATE DATETIME ); 

CREATE TABLE SWVMTAUDITORIA09(
SWVM09AUD_ID INTEGER NOT NULL PRIMARY KEY, 
SWVM09USER_ID VARCHAR(3), 
SWVM09NOMTABLA_ID VARCHAR(4), 
SWVM09FECHA_AU DATETIME); 

CREATE TABLE SWVMHPAGINA10(
SWVM10PAG_ID INTEGER NOT NULL PRIMARY KEY,
SWVM10CONTENT "TEXT",
SWVM10NOMBRE VARCHAR(30),
SWVM10DESCRIPCION VARCHAR(80),
SWVM10FECHAR DATETIME,
SWVM10FECHAU DATETIME,
SWVM10USER_ID INTEGER NOT NULL,
FOREIGN KEY (SWVM10USER_ID) REFERENCES SWVMMUSUARIO08(SWVM08USER_ID))

GO

--STORE PROCEDURE--
------CLIENTE----
CREATE PROCEDURE SP_INSERT_CLIENTE
	
	@SWVM02CLI_ID INT, 
	@SWVM02NOMBRE VARCHAR(50), 
	@SWVM02DIRECCION VARCHAR(45), 
	@SWVM02CIRUC VARCHAR(13), 
	@SWVM02PROVINCIA VARCHAR(30), 
	@SWVM02CIUDAD VARCHAR(30), 
	@SWVM02TELEFONO1 VARCHAR(10), 
	@SWVM02TELEFONO2 VARCHAR(10), 
	@SWVM02EMAIL VARCHAR(80),
	@SWVM02CLAVE VARCHAR(250),  
	@SWVM02ESTADO VARCHAR(1), 
	@SWVM02FECHA_REGC DATETIME,
	@SWVM02FECHA_UPDATE DATETIME
	
AS 
	INSERT INTO SWVMMCLIENTE02 	
	VALUES(
	@SWVM02CLI_ID, 
	@SWVM02NOMBRE, 
	@SWVM02DIRECCION, 
	@SWVM02CIRUC, 
	@SWVM02PROVINCIA, 
	@SWVM02CIUDAD, 
	@SWVM02TELEFONO1, 
	@SWVM02TELEFONO2, 
	@SWVM02EMAIL,
	@SWVM02CLAVE,  
	@SWVM02ESTADO, 
	@SWVM02FECHA_REGC,
	@SWVM02FECHA_UPDATE)

GO
	
	/*   **********************       */
	
	CREATE PROCEDURE SP_UPDATE_CLIENTE
	
    @SWVM02CLI_ID INT, 
	@SWVM02NOMBRE VARCHAR(50), 
	@SWVM02DIRECCION VARCHAR(45), 
	@SWVM02CIRUC VARCHAR(13), 
	@SWVM02PROVINCIA VARCHAR(30), 
	@SWVM02CIUDAD VARCHAR(30), 
	@SWVM02TELEFONO1 VARCHAR(10), 
	@SWVM02TELEFONO2 VARCHAR(10), 
	@SWVM02EMAIL VARCHAR(80),
	@SWVM02CLAVE VARCHAR(250),  
	@SWVM02ESTADO VARCHAR(1), 
	@SWVM02FECHA_UPDATE DATETIME
	
AS
		UPDATE SWVMMCLIENTE02
			SET			
			SWVM02NOMBRE= @SWVM02NOMBRE,
			SWVM02DIRECCION = @SWVM02DIRECCION , 
			SWVM02CIRUC = @SWVM02CIRUC, 
			SWVM02PROVINCIA = @SWVM02PROVINCIA, 
			SWVM02CIUDAD = @SWVM02CIUDAD , 
			SWVM02TELEFONO1 = @SWVM02TELEFONO1, 
			SWVM02TELEFONO2 = @SWVM02TELEFONO2 , 
			SWVM02EMAIL = @SWVM02EMAIL,
			SWVM02CLAVE = @SWVM02CLAVE,  
			SWVM02ESTADO = @SWVM02ESTADO, 
			SWVM02FECHA_UPDATE  = @SWVM02FECHA_UPDATE
			WHERE SWVM02CLI_ID=@SWVM02CLI_ID

GO
			
			
/*   **********************       */

	CREATE PROCEDURE SP_DELETE_CLIENTE
	@SWVM02CLI_ID INT,
	@ERROR VARCHAR (5) OUTPUT 	
AS
    DECLARE @ERROR_VAR int 
	DELETE FROM SWVMMCLIENTE02
		WHERE (SWVM02CLI_ID=@SWVM02CLI_ID)
	SELECT @ERROR_VAR = @@ERROR
	
	IF (@ERROR_VAR <> 0)
			SET @ERROR = 'ERROR'
	ELSE 
	        SET @ERROR = 'GRABO'
			
GO		
			
----------USUARIO-----

CREATE PROCEDURE SP_INSERT_USUARIO
	@SWVM08USER_ID INT,
	@SWVM08NOMBRE VARCHAR(50), 
	@SWVM08DEPARTAMENTO VARCHAR(30), 
	@SWVM08CARGO VARCHAR(15), 
	@SWVM08EMAIL VARCHAR(80), 
	@SWVM08CLAVE VARCHAR(250),
	@SWVM08ESTADO VARCHAR(1),
	@SWVM08FECHA_REGU DATETIME,
	@SWVM08FECHA_UPDATE DATETIME 
AS 
	INSERT INTO SWVMMUSUARIO08 
	VALUES
	(	@SWVM08USER_ID,
		@SWVM08NOMBRE, 
		@SWVM08DEPARTAMENTO, 
		@SWVM08CARGO, 
		@SWVM08EMAIL, 
		@SWVM08CLAVE,
		@SWVM08ESTADO,
		@SWVM08FECHA_REGU,
		@SWVM08FECHA_UPDATE) 

GO
	
	/*   **********************       */
	
	CREATE PROCEDURE SP_UPDATE_USUARIO
	
	@SWVM08USER_ID INT,
	@SWVM08NOMBRE VARCHAR(50), 
	@SWVM08DEPARTAMENTO VARCHAR(30), 
	@SWVM08CARGO VARCHAR(15), 
	@SWVM08EMAIL VARCHAR(80), 
	@SWVM08CLAVE VARCHAR(250),
	@SWVM08ESTADO VARCHAR(1),	
	@SWVM08FECHA_UPDATE DATETIME 	
AS
		UPDATE SWVMMUSUARIO08
			SET			
			SWVM08NOMBRE=@SWVM08NOMBRE,
			SWVM08DEPARTAMENTO=@SWVM08DEPARTAMENTO,
			SWVM08CARGO=@SWVM08CARGO,
			SWVM08EMAIL=@SWVM08EMAIL, 			
			SWVM08CLAVE=@SWVM08CLAVE,
			SWVM08ESTADO=@SWVM08ESTADO, 			
			SWVM08FECHA_UPDATE=@SWVM08FECHA_UPDATE
			WHERE SWVM08USER_ID=@SWVM08USER_ID

GO
			
/*   **********************       */

	CREATE PROCEDURE SP_DELETE_USUARIO
	@SWVM08USER_ID INT
AS
	DELETE FROM SWVMMUSUARIO08
		WHERE (SWVM08USER_ID=@SWVM08USER_ID)
			
GO
--------PRODUCTO-----------

CREATE PROCEDURE SP_INSERT_PRODUCTO
	@SWVM04PROD_ID INT,
	@SWVM04CATE_ID INT,
	@SWVM04PROD_NOMBRE VARCHAR(30), 
	@SWVM04PRECIO "MONEY",
	@SWVM04STOCK INT,
	@SWVM04DESCRIPCION VARCHAR(500),
	@SWVM04URL VARCHAR(120), 
	@SWVM04SIZE VARCHAR(10), 
	@SWVM04IMAGENAME VARCHAR(60), 
	@SWVM04PROV_ID INT,
	@SWVM04FECHA_REGPRO DATETIME,
	@SWVM04FECHA_UPDATE DATETIME
AS 
	INSERT INTO SWVMMPRODUCTO04 	
	VALUES
	(	@SWVM04PROD_ID, 
		@SWVM04CATE_ID, 
		@SWVM04PROD_NOMBRE,
		@SWVM04PRECIO,
		@SWVM04STOCK,
		@SWVM04DESCRIPCION,
		@SWVM04URL, 
		@SWVM04SIZE,
		@SWVM04IMAGENAME,
		@SWVM04PROV_ID,
		@SWVM04FECHA_REGPRO,
		@SWVM04FECHA_UPDATE)
GO

/*   **********************       */
	
	CREATE PROCEDURE SP_UPDATE_PRODUCTO
	
	@SWVM04PROD_ID INT,
	@SWVM04CATE_ID INT,
	@SWVM04PROD_NOMBRE VARCHAR(30), 
	@SWVM04PRECIO "MONEY",
	@SWVM04STOCK INT,
	@SWVM04DESCRIPCION VARCHAR(500),
	@SWVM04URL VARCHAR(120), 
	@SWVM04SIZE VARCHAR(10), 
	@SWVM04IMAGENAME VARCHAR(60), 
	@SWVM04PROV_ID INT,	
	@SWVM04FECHA_UPDATE DATETIME	
	
AS
		UPDATE SWVMMPRODUCTO04
			SET						
			SWVM04CATE_ID=@SWVM04CATE_ID,
			SWVM04PROD_NOMBRE=@SWVM04PROD_NOMBRE,
			SWVM04PRECIO=@SWVM04PRECIO,
			SWVM04STOCK=@SWVM04STOCK, 
			SWVM04DESCRIPCION=@SWVM04DESCRIPCION,
			SWVM04URL=@SWVM04URL,
			SWVM04SIZE=@SWVM04SIZE,
			SWVM04IMAGENAME=@SWVM04IMAGENAME,
			SWVM04PROV_ID=@SWVM04PROV_ID,
			SWVM04FECHA_UPDATE=@SWVM04FECHA_UPDATE
			WHERE (SWVM04PROD_ID=@SWVM04PROD_ID AND SWVM04CATE_ID=@SWVM04CATE_ID AND SWVM04PROV_ID=@SWVM04PROV_ID)

GO
			
/*   **********************       */


	CREATE PROCEDURE SP_DELETE_PRODUCTO
	@SWVM04PROD_ID INT,
	@SWVM04CATE_ID INT,
	@SWVM04PROV_ID INT,
	@ERROR VARCHAR (5) OUTPUT 	
AS
    DECLARE @ERROR_VAR int 
	DELETE FROM SWVMMPRODUCTO04
		WHERE (SWVM04PROD_ID=@SWVM04PROD_ID AND SWVM04CATE_ID=@SWVM04CATE_ID AND SWVM04PROV_ID=@SWVM04PROV_ID)
	SELECT @ERROR_VAR = @@ERROR
	
	IF (@ERROR_VAR <> 0)
			SET @ERROR = 'ERROR'
	ELSE 
	        SET @ERROR = 'GRABO'
			
			
GO


---------PROVEEDOR-------


CREATE PROCEDURE SP_INSERT_PROVEEDOR
	@SWVM01PROV_ID INT, 	
	@SWVM01NOM_EMPRESA VARCHAR(50), 
	@SWVM01NOM_CONTACTO VARCHAR(50), 
	@SWVM01CARGO_CONTACTO VARCHAR(20), 
	@SWVM01RUC VARCHAR(13), 
	@SWVM01DIRECCION VARCHAR(45), 
	@SWVM01TELEFONO1 VARCHAR(10), 
	@SWVM01TELEFONO2 VARCHAR(10), 
	@SWVM01PAIS VARCHAR(15), 
	@SWVM01PROVINCIA VARCHAR(30), 
	@SWVM01CIUDAD VARCHAR(30), 
	@SWVM01EMAIL VARCHAR(80),
	@SWVM01CLAVE VARCHAR(250),
	@SWVM01ESTADO VARCHAR(1), 
	@SWVM01FECHA_REGP DATETIME,
	@SWVM01FECHA_UPDATE DATETIME
AS 
	INSERT INTO SWVMMPROVEEDOR01 
	(	SWVM01PROV_ID, 
		SWVM01NOM_EMPRESA, 
		SWVM01NOM_CONTACTO,
		SWVM01CARGO_CONTACTO,
		SWVM01RUC,
		SWVM01DIRECCION,
		SWVM01TELEFONO1, 
		SWVM01TELEFONO2,
		SWVM01PAIS,
		SWVM01PROVINCIA,
		SWVM01CIUDAD,
		SWVM01EMAIL, 
		SWVM01CLAVE, 
		SWVM01ESTADO, 
		SWVM01FECHA_REGP, 
		SWVM01FECHA_UPDATE)	
	VALUES
	(	@SWVM01PROV_ID, 
		@SWVM01NOM_EMPRESA, 
		@SWVM01NOM_CONTACTO,
		@SWVM01CARGO_CONTACTO,
		@SWVM01RUC,
		@SWVM01DIRECCION,
		@SWVM01TELEFONO1, 
		@SWVM01TELEFONO2,
		@SWVM01PAIS,
		@SWVM01PROVINCIA,
		@SWVM01CIUDAD,
		@SWVM01EMAIL, 
		@SWVM01CLAVE, 
		@SWVM01ESTADO, 
		@SWVM01FECHA_REGP, 
		@SWVM01FECHA_UPDATE)
	

GO
	/*   **********************       */
	
	CREATE PROCEDURE SP_UPDATE_PROVEEDOR
	
	@SWVM01PROV_ID INT, 	
	@SWVM01NOM_EMPRESA VARCHAR(50), 
	@SWVM01NOM_CONTACTO VARCHAR(50), 
	@SWVM01CARGO_CONTACTO VARCHAR(20), 
	@SWVM01RUC VARCHAR(13), 
	@SWVM01DIRECCION VARCHAR(45), 
	@SWVM01TELEFONO1 VARCHAR(10), 
	@SWVM01TELEFONO2 VARCHAR(10), 
	@SWVM01PAIS VARCHAR(15), 
	@SWVM01PROVINCIA VARCHAR(30), 
	@SWVM01CIUDAD VARCHAR(30), 
	@SWVM01EMAIL VARCHAR(80),
	@SWVM01CLAVE VARCHAR(250),
	@SWVM01ESTADO VARCHAR(1), 	
	@SWVM01FECHA_UPDATE DATETIME	
	
AS
		UPDATE SWVMMPROVEEDOR01
			SET			
			SWVM01NOM_EMPRESA=@SWVM01NOM_EMPRESA,
			SWVM01NOM_CONTACTO=@SWVM01NOM_CONTACTO,
			SWVM01CARGO_CONTACTO=@SWVM01CARGO_CONTACTO,
			SWVM01RUC=@SWVM01RUC,
			SWVM01DIRECCION=@SWVM01DIRECCION, 
			SWVM01TELEFONO1=@SWVM01TELEFONO1,
			SWVM01TELEFONO2=@SWVM01TELEFONO2,
			SWVM01PAIS=@SWVM01PAIS,
			SWVM01PROVINCIA=@SWVM01PROVINCIA,
			SWVM01CIUDAD=@SWVM01CIUDAD,
			SWVM01EMAIL=@SWVM01EMAIL,
			SWVM01CLAVE=@SWVM01CLAVE,
			SWVM01ESTADO=@SWVM01ESTADO, 
			SWVM01FECHA_UPDATE=@SWVM01FECHA_UPDATE 
			WHERE SWVM01PROV_ID=@SWVM01PROV_ID

GO
			
/*   **********************       */

	CREATE PROCEDURE SP_DELETE_PROVEEDOR
	@SWVM01PROV_ID INT,
	@ERROR VARCHAR (5) OUTPUT 	
AS
    DECLARE @ERROR_VAR int 
	DELETE FROM SWVMMPROVEEDOR01
		WHERE (SWVM01PROV_ID=@SWVM01PROV_ID)
	SELECT @ERROR_VAR = @@ERROR
	
	IF (@ERROR_VAR <> 0)
			SET @ERROR = 'ERROR'
	ELSE 
	        SET @ERROR = 'GRABO'
			
			
GO

-----COTIZA--------


CREATE PROCEDURE SP_INSERT_CABCOTI
	@SWVM06COTI_ID INT, 
	@SWVM06FECHA DATETIME,
	@SWVM06CLI_ID INT, 
	@SWVM06TOTAL "MONEY",
	@SWVM06ESTADO VARCHAR(1),
	@SWVM06FECHA_UPDATE DATETIME
AS 
	INSERT INTO SWVMCCAB_COTI06 
	VALUES
	(	@SWVM06COTI_ID, 
		@SWVM06FECHA,
		@SWVM06CLI_ID, 
		@SWVM06TOTAL,
		@SWVM06ESTADO,
		@SWVM06FECHA_UPDATE)

GO
	
	/*   **********************       */
	
CREATE PROCEDURE SP_INSERT_DETCOTI
	@SWVM07COTI_ID INT, 
	@SWVM07PROD_ID INT, 
	@SWVM07CATE_ID INT, 
	@SWVM07CANTIDAD INT, 
	@SWVM07PRECIO "MONEY",
	@SWVM07SUBTOTAL "MONEY",
	@SWVM07IVA "MONEY",
	@SWVM07PROV_ID INT
AS 
	INSERT INTO SWVMDDET_COTI07 
	VALUES
	(	@SWVM07COTI_ID, 
		@SWVM07PROD_ID,
		@SWVM07CATE_ID, 
		@SWVM07CANTIDAD,
		@SWVM07PRECIO,
		@SWVM07SUBTOTAL,
		@SWVM07IVA,
		@SWVM07PROV_ID)

GO
	
	/*   **********************       */
	
CREATE PROCEDURE SP_UPDATE_CABCOTI
	@SWVM06COTI_ID INT,
	@SWVM06ESTADO VARCHAR(1),
	@SWVM06FECHA_UPDATE DATETIME
AS
		UPDATE SWVMCCAB_COTI06
			SET			
			SWVM06ESTADO=@SWVM06ESTADO,
			SWVM06FECHA_UPDATE=@SWVM06FECHA_UPDATE
			WHERE SWVM06COTI_ID=@SWVM06COTI_ID

GO
			
/*   **********************       */

	CREATE PROCEDURE SP_DELETE_CABCOTI
	@SWVM06COTI_ID INT
AS
	DELETE FROM SWVMCCAB_COTI06
		WHERE (SWVM06COTI_ID=@SWVM06COTI_ID)

GO
		
/*   **********************       */

	CREATE PROCEDURE SP_DELETE_DETCOTI
	@SWVM07COTI_ID INT
AS
	DELETE FROM SWVMDDET_COTI07
		WHERE (SWVM07COTI_ID=@SWVM07COTI_ID)
		
GO

/* INSERTS DE LA BASE */

--CATEGORIAS---

INSERT INTO SWVMMCATEGORIA03
               (SWVM03CATE_ID, SWVM03CATE_NOMBRE, SWVM03DESCRIPCION, SWVM03IMAGENAME,SWVM03FECHA_REGCAT,SWVM03FECHA_UPDATE)
VALUES     (1, 'FLORES', 'FLORES PARA TU JARDIN', 'CAT_FLORES.JPG',GETDATE(),GETDATE())


INSERT INTO SWVMMCATEGORIA03
              (SWVM03CATE_ID, SWVM03CATE_NOMBRE, SWVM03DESCRIPCION, SWVM03IMAGENAME,SWVM03FECHA_REGCAT,SWVM03FECHA_UPDATE)
VALUES     (2, 'MEDICINALES', 'PLANTAS MEDICINALES', 'CAT_MED.JPG',GETDATE(),GETDATE())
                         

INSERT INTO SWVMMCATEGORIA03
		      (SWVM03CATE_ID, SWVM03CATE_NOMBRE, SWVM03DESCRIPCION, SWVM03IMAGENAME,SWVM03FECHA_REGCAT,SWVM03FECHA_UPDATE)
VALUES     (3, 'FRUTALES', 'PLANTAS FRUTALES', 'CAT_FRU.JPG',GETDATE(),GETDATE())
                      

INSERT INTO  SWVMMCATEGORIA03
			 (SWVM03CATE_ID, SWVM03CATE_NOMBRE, SWVM03DESCRIPCION, SWVM03IMAGENAME,SWVM03FECHA_REGCAT,SWVM03FECHA_UPDATE)
VALUES     (4, 'BONSAI', 'BONSAIS PARA TU JARDIN', 'CAT_BONSAI.JPG',GETDATE(),GETDATE())


INSERT INTO  SWVMMCATEGORIA03
			 (SWVM03CATE_ID, SWVM03CATE_NOMBRE, SWVM03DESCRIPCION, SWVM03IMAGENAME,SWVM03FECHA_REGCAT,SWVM03FECHA_UPDATE)
VALUES     (5, 'TROPICALES', 'PLANTAS TROPICALES', 'CAT_TROPI.JPG',GETDATE(),GETDATE())


INSERT INTO  SWVMMCATEGORIA03
			 (SWVM03CATE_ID, SWVM03CATE_NOMBRE, SWVM03DESCRIPCION, SWVM03IMAGENAME,SWVM03FECHA_REGCAT,SWVM03FECHA_UPDATE)
VALUES     (6, 'SEMILLAS', 'SEMILLAS VARIAS', 'CAT_SEMILLA.JPG',GETDATE(),GETDATE())

--PROVEEDOR VIVEROMARKET---

INSERT INTO SWVMMPROVEEDOR01
                      (SWVM01PROV_ID, SWVM01NOM_EMPRESA, SWVM01NOM_CONTACTO, SWVM01CARGO_CONTACTO, SWVM01RUC, SWVM01DIRECCION, SWVM01TELEFONO1, SWVM01TELEFONO2, SWVM01PAIS, SWVM01PROVINCIA, SWVM01CIUDAD, SWVM01EMAIL, SWVM01CLAVE, SWVM01ESTADO, SWVM01FECHA_REGP, SWVM01FECHA_UPDATE)
VALUES     (1, 'VIVEROMARKET', 'JULIO SÁNCHEZ', 'GERENTE', '0920963562001', 'ACUARELAS DEL RIO','042236212',NULL,'ECUADOR','GUAYAS','GUAYAQUIL','ventas@viveromarket.com','eQcUZ7NteC1s3K7P1NxWXKSAQvpwDmoNDpdhnptsMLI=','A',GETDATE(),GETDATE())

-- PRODUCTOS --

INSERT INTO SWVMMPRODUCTO04
                      (SWVM04PROD_ID, SWVM04CATE_ID, SWVM04PROD_NOMBRE, SWVM04PRECIO, SWVM04STOCK, SWVM04DESCRIPCION, SWVM04URL, SWVM04SIZE, SWVM04IMAGENAME, SWVM04PROV_ID, SWVM04FECHA_REGPRO, SWVM04FECHA_UPDATE)

VALUES     (1, 1, 'GIRASOL',1.00, 100, 
                      'SE CULTIVA PARA LA OBTENCION DEL ACEITE Y EN MENOR ESCALA PARA CONSUMIR LAS SEMILLAS',
                       NULL, 2.00, '1.JPG',1 , GETDATE(),GETDATE())



INSERT INTO SWVMMPRODUCTO04
                      (SWVM04PROD_ID, SWVM04CATE_ID, SWVM04PROD_NOMBRE, SWVM04PRECIO, SWVM04STOCK, SWVM04DESCRIPCION, SWVM04URL, SWVM04SIZE, SWVM04IMAGENAME, SWVM04PROV_ID, SWVM04FECHA_REGPRO, SWVM04FECHA_UPDATE)

VALUES     (2, 1, 'CLAVEL',1.00, 100, 
                      'SE LA CULTIVA POR LO HERMOSO DE SUS FLORES QUE SE HACEN DOBLES Y ADQUIEREN COLORES MUY DIVERSOS',
                       NULL, 0.02, '2.JPG',1 , GETDATE(),GETDATE())


INSERT INTO SWVMMPRODUCTO04
                      (SWVM04PROD_ID, SWVM04CATE_ID, SWVM04PROD_NOMBRE, SWVM04PRECIO, SWVM04STOCK, SWVM04DESCRIPCION, SWVM04URL, SWVM04SIZE, SWVM04IMAGENAME, SWVM04PROV_ID, SWVM04FECHA_REGPRO, SWVM04FECHA_UPDATE)

VALUES     (3, 1, 'AZUCENA',0.05, 100, 
                      'SUS ESPECIES Y VARIEDADES SE DIFERENCIAN EN EL COLOR DE LAS FLORES Y SE CULTIVAN PARA ADORNO EN LOS JARDINES',
                       NULL, 0.05, '3.JPG',1 , GETDATE(),GETDATE())


INSERT INTO SWVMMPRODUCTO04
                      (SWVM04PROD_ID, SWVM04CATE_ID, SWVM04PROD_NOMBRE, SWVM04PRECIO, SWVM04STOCK, SWVM04DESCRIPCION, SWVM04URL, SWVM04SIZE, SWVM04IMAGENAME, SWVM04PROV_ID, SWVM04FECHA_REGPRO, SWVM04FECHA_UPDATE)

VALUES     (4, 1, 'LIRIO',0.50, 100, 
                      'FRUTO CAPSULAR CON MUCHAS SEMILLAS Y RIZOMA RASTRERO Y NUDOSO',
                       NULL, 0.05, '4.JPG',1 , GETDATE(),GETDATE())



INSERT INTO SWVMMPRODUCTO04
                      (SWVM04PROD_ID, SWVM04CATE_ID, SWVM04PROD_NOMBRE, SWVM04PRECIO, SWVM04STOCK, SWVM04DESCRIPCION, SWVM04URL, SWVM04SIZE, SWVM04IMAGENAME, SWVM04PROV_ID, SWVM04FECHA_REGPRO, SWVM04FECHA_UPDATE)

VALUES     (5, 1, 'GERANIO', 0.50, 100, 
                      'HAY VARIAS ESPECIES QUE SE DISTINGUEN POR EL TAMAÑO DE LAS HOJAS VELLOSAS O NO Y MAS O MENOS RECORTADAS Y SOBRE TODO POR EL OLOR Y COLORACION DE LAS FLORES',
                       NULL, 0.05, '5.JPG',1 , GETDATE(),GETDATE())



INSERT INTO SWVMMPRODUCTO04
                      (SWVM04PROD_ID, SWVM04CATE_ID, SWVM04PROD_NOMBRE, SWVM04PRECIO, SWVM04STOCK, SWVM04DESCRIPCION, SWVM04URL, SWVM04SIZE, SWVM04IMAGENAME, SWVM04PROV_ID, SWVM04FECHA_REGPRO, SWVM04FECHA_UPDATE)

VALUES     (6, 1, 'ROSAS', 1.00, 100, 
                      'FLOR DEL ROSAL NOTABL, LA SUAVIDAD DE SU FRAGANCIA Y SU COLOR GENERALMENTE ENCARNADO POCO SUBIDO',
                       NULL, 1.00, '6.JPG',1 , GETDATE(),GETDATE())




INSERT INTO SWVMMPRODUCTO04
                      (SWVM04PROD_ID, SWVM04CATE_ID, SWVM04PROD_NOMBRE, SWVM04PRECIO, SWVM04STOCK, SWVM04DESCRIPCION, SWVM04URL, SWVM04SIZE, SWVM04IMAGENAME, SWVM04PROV_ID, SWVM04FECHA_REGPRO, SWVM04FECHA_UPDATE)

VALUES     (7, 1, 'MARGARITA', 0.50, 100, 
                     'PLANTA HERBACEA CON HOJAS CASI ABRAZADORAS OBLONGAS FESTONEADAS HENDIDAS EN LA BASE Y FLORES TERMINALES DE CENTRO AMARILLO Y COROLA BLANCA',
                       NULL, 0.05, '7.JPG',1 , GETDATE(),GETDATE())




INSERT INTO SWVMMPRODUCTO04
                      (SWVM04PROD_ID, SWVM04CATE_ID, SWVM04PROD_NOMBRE, SWVM04PRECIO, SWVM04STOCK, SWVM04DESCRIPCION, SWVM04URL, SWVM04SIZE, SWVM04IMAGENAME, SWVM04PROV_ID, SWVM04FECHA_REGPRO, SWVM04FECHA_UPDATE)

VALUES     (8, 1, 'PETUNIA', 0.05, 100, 
                      'PLANTAS CON LAS HOJAS AOVADAS Y ENTERAS Y LAS FLORES EN FORMA DE EMBUDO GRANDES OLOROSAS Y DE DIVERSOS COLORES',
                       NULL, 0.05, '8.JPG',1 , GETDATE(),GETDATE())




INSERT INTO SWVMMPRODUCTO04
                      (SWVM04PROD_ID, SWVM04CATE_ID, SWVM04PROD_NOMBRE, SWVM04PRECIO, SWVM04STOCK, SWVM04DESCRIPCION, SWVM04URL, SWVM04SIZE, SWVM04IMAGENAME, SWVM04PROV_ID, SWVM04FECHA_REGPRO, SWVM04FECHA_UPDATE)

VALUES     (9, 1, 'TULIPAN', 0.50, 100, 
                      'FLOR UNICA EN LO ALTO DEL ESCAPO GRANDE GLOBOSA DE SEIS PETALOS DE HERMOSOS COLORES E INODORA Y FRUTO CAPSULAR CON MUCHAS SEMILLAS',
                       NULL, 0.08, '9.JPG',1 , GETDATE(),GETDATE())


INSERT INTO SWVMMPRODUCTO04
                      (SWVM04PROD_ID, SWVM04CATE_ID, SWVM04PROD_NOMBRE, SWVM04PRECIO, SWVM04STOCK, SWVM04DESCRIPCION, SWVM04URL, SWVM04SIZE, SWVM04IMAGENAME, SWVM04PROV_ID, SWVM04FECHA_REGPRO, SWVM04FECHA_UPDATE)

VALUES     (10, 1, 'CRISANTO', 0.60, 100, 
                      'SON VERDES POR ENCIMA Y BLANQUECINAS POR EL ENVES Y FLORES ABUNDANTES DE COLORES VARIADOS PERO FRECUENTEMENTE MORADAS SE CULTIVAN EN LOS JARDINES DONDE FLORECE DURANTE EL OTOÑO',
                       NULL, 0.20, '10.JPG',1 , GETDATE(),GETDATE())



INSERT INTO SWVMMPRODUCTO04
                      (SWVM04PROD_ID, SWVM04CATE_ID, SWVM04PROD_NOMBRE, SWVM04PRECIO, SWVM04STOCK, SWVM04DESCRIPCION, SWVM04URL, SWVM04SIZE, SWVM04IMAGENAME, SWVM04PROV_ID, SWVM04FECHA_REGPRO, SWVM04FECHA_UPDATE)

VALUES     (11, 1, 'ORQUIDEA', 0.10, 100, 
                      'LAS FLORES SE ABREN SOBRE TALLOS LLAMADOS PEDICELOS COMO CUALQUIER OTRA FLOR DURANTE EL DESARROLLO EL PEDICELO GIRA 180° DE FORMA QUE LA FLOR MADURA QUEDA BOCA ABAJO',
                       NULL, 0.05, '11.JPG',1 , GETDATE(),GETDATE())



INSERT INTO SWVMMPRODUCTO04
                      (SWVM04PROD_ID, SWVM04CATE_ID, SWVM04PROD_NOMBRE, SWVM04PRECIO, SWVM04STOCK, SWVM04DESCRIPCION, SWVM04URL, SWVM04SIZE, SWVM04IMAGENAME, SWVM04PROV_ID, SWVM04FECHA_REGPRO, SWVM04FECHA_UPDATE)

VALUES     (12, 1, 'VIOLETA', 0.50, 100, 
                      'FLORES CASI SIEMPRE DE COLOR MORADO CLARO Y A VECES BLANCAS Y DE SUAVISIMO OLOR',
                       NULL, 0.08, '12.JPG',1 , GETDATE(),GETDATE())



INSERT INTO SWVMMPRODUCTO04
                      (SWVM04PROD_ID, SWVM04CATE_ID, SWVM04PROD_NOMBRE, SWVM04PRECIO, SWVM04STOCK, SWVM04DESCRIPCION, SWVM04URL, SWVM04SIZE, SWVM04IMAGENAME, SWVM04PROV_ID, SWVM04FECHA_REGPRO, SWVM04FECHA_UPDATE)

VALUES     (13, 1, 'GARDENIA', 0.50, 100, 
                      'HOJAS LISAS GRANDES OVALADAS AGUDAS POR AMBOS EXTREMOS Y DE COLOR VERDE BRILLANTE DE PETALOS GRUESOS BLANCAS Y OLOROSAS Y FRUTA DE BAYA DE PULPA AMARILLENTA',
                       NULL, 2.00, '13.JPG',1 , GETDATE(),GETDATE())



INSERT INTO SWVMMPRODUCTO04
                      (SWVM04PROD_ID, SWVM04CATE_ID, SWVM04PROD_NOMBRE, SWVM04PRECIO, SWVM04STOCK, SWVM04DESCRIPCION, SWVM04URL, SWVM04SIZE, SWVM04IMAGENAME, SWVM04PROV_ID, SWVM04FECHA_REGPRO, SWVM04FECHA_UPDATE)

VALUES     (14, 1, 'ALHELI', 0.10, 100, 
                      'HOJAS LISAS CON FLORES DE COLRES  VIOLETAS BRILLANTES DE PETALOS GRUESOS',
                       NULL, 0.05, '14.JPG',1 , GETDATE(),GETDATE())



INSERT INTO SWVMMPRODUCTO04
                      (SWVM04PROD_ID, SWVM04CATE_ID, SWVM04PROD_NOMBRE, SWVM04PRECIO, SWVM04STOCK, SWVM04DESCRIPCION, SWVM04URL, SWVM04SIZE, SWVM04IMAGENAME, SWVM04PROV_ID, SWVM04FECHA_REGPRO, SWVM04FECHA_UPDATE)

VALUES     (15, 1, 'AMAPOLA', 0.50, 100, 
                      'FLOR COLOR  BLANCA BRILLANTES DE PETALOS GRANDES CON SEMILLAS AMARILLAS',
                       NULL, 0.05, '15.JPG',1 , GETDATE(),GETDATE())



INSERT INTO SWVMMPRODUCTO04
                      (SWVM04PROD_ID, SWVM04CATE_ID, SWVM04PROD_NOMBRE, SWVM04PRECIO, SWVM04STOCK, SWVM04DESCRIPCION, SWVM04URL, SWVM04SIZE, SWVM04IMAGENAME, SWVM04PROV_ID, SWVM04FECHA_REGPRO, SWVM04FECHA_UPDATE)

VALUES     (16, 1, 'CLAVELINA', 0.20, 100, 
                      'COLOR DE PETALOS PUNTIAGUDOS DE COLORES PURPURA',
                       NULL, 0.05, '16.JPG',1 , GETDATE(),GETDATE())



INSERT INTO SWVMMPRODUCTO04
                      (SWVM04PROD_ID, SWVM04CATE_ID, SWVM04PROD_NOMBRE, SWVM04PRECIO, SWVM04STOCK, SWVM04DESCRIPCION, SWVM04URL, SWVM04SIZE, SWVM04IMAGENAME, SWVM04PROV_ID, SWVM04FECHA_REGPRO, SWVM04FECHA_UPDATE)

VALUES     (17, 1, ' DELPHINIUM', 0.20, 100, 
                      'FLORES DE COLORES MORADOS CON PETALOS PEQUEÑOS Y SEMILLAS BLANCAS',
                       NULL, 0.05, '17.JPG',1 , GETDATE(),GETDATE())


INSERT INTO SWVMMPRODUCTO04
                      (SWVM04PROD_ID, SWVM04CATE_ID, SWVM04PROD_NOMBRE, SWVM04PRECIO, SWVM04STOCK, SWVM04DESCRIPCION, SWVM04URL, SWVM04SIZE, SWVM04IMAGENAME, SWVM04PROV_ID, SWVM04FECHA_REGPRO, SWVM04FECHA_UPDATE)

VALUES     (18, 1, 'AMAPOLA', 0.50, 100, 
                      'FLOR HERMOSA CON PETALOS COLOR VIOLETA Y BLANCO PETALOS GURESOS Y GRANDES',
                       NULL, 0.08, '18.JPG',1 , GETDATE(),GETDATE())


INSERT INTO SWVMMPRODUCTO04
                      (SWVM04PROD_ID, SWVM04CATE_ID, SWVM04PROD_NOMBRE, SWVM04PRECIO, SWVM04STOCK, SWVM04DESCRIPCION, SWVM04URL, SWVM04SIZE, SWVM04IMAGENAME, SWVM04PROV_ID, SWVM04FECHA_REGPRO, SWVM04FECHA_UPDATE)

VALUES     (19, 1, 'LOTO', 0.20, 100, 
                      'FLOR CON PETALOS PEQUEÑOS DE COLOR ROJO CLARO',
                       NULL, 0.05, '19.JPG',1 , GETDATE(),GETDATE())

INSERT INTO SWVMMPRODUCTO04
                      (SWVM04PROD_ID, SWVM04CATE_ID, SWVM04PROD_NOMBRE, SWVM04PRECIO, SWVM04STOCK, SWVM04DESCRIPCION, SWVM04URL, SWVM04SIZE, SWVM04IMAGENAME, SWVM04PROV_ID, SWVM04FECHA_REGPRO, SWVM04FECHA_UPDATE)

VALUES     (20, 1, ' FRITILARIA', 0.50, 100, 
                      'FLOR CON PETALOS GRANDES DE COLOR CAFFE AMARILLO Y NEGRO',
                       NULL, 0.05, '20.JPG',1 , GETDATE(),GETDATE())

INSERT INTO SWVMMPRODUCTO04
                      (SWVM04PROD_ID, SWVM04CATE_ID, SWVM04PROD_NOMBRE, SWVM04PRECIO, SWVM04STOCK, SWVM04DESCRIPCION, SWVM04URL, SWVM04SIZE, SWVM04IMAGENAME, SWVM04PROV_ID, SWVM04FECHA_REGPRO, SWVM04FECHA_UPDATE)

VALUES     (21, 1, ' GLADIOLO', 0.50, 100, 
                      'FLOR HERMOSA CON PETALOS GRANDES Y GRUESOS DE COLOR BLANCO CON PURPURA Y AMARILLO',
                       NULL, 0.08, '21.JPG',1 , GETDATE(),GETDATE())



INSERT INTO SWVMMPRODUCTO04
                      (SWVM04PROD_ID, SWVM04CATE_ID, SWVM04PROD_NOMBRE, SWVM04PRECIO, SWVM04STOCK, SWVM04DESCRIPCION, SWVM04URL, SWVM04SIZE, SWVM04IMAGENAME, SWVM04PROV_ID, SWVM04FECHA_REGPRO, SWVM04FECHA_UPDATE)

VALUES     (22, 1, ' HORTENSIA ', 0.50, 100, 
                      'LA HORTENSIA DESTACA FUNDAMENTALMENTE POR SUS INFLORESCENCIAS, FORMADAS POR CAPÍTULOS CON FLORES BLANCAS MUY PEQUEÑAS RODEADAS DE BRÁCTEAS BLANCAS, FUCSIAS, ROSADAS O AZULES QUE SON LAS QUE PROPIAMENTE PROPORCIONAN EL COLOR DE LA INFLORESCENCIA.',
                       NULL, 0.05, '22.JPG',1 , GETDATE(),GETDATE())



INSERT INTO SWVMMPRODUCTO04
                      (SWVM04PROD_ID, SWVM04CATE_ID, SWVM04PROD_NOMBRE, SWVM04PRECIO, SWVM04STOCK, SWVM04DESCRIPCION, SWVM04URL, SWVM04SIZE, SWVM04IMAGENAME, SWVM04PROV_ID, SWVM04FECHA_REGPRO, SWVM04FECHA_UPDATE)

VALUES     (23, 1, ' JACINTO ', 0.20, 100, 
                      'FLOR HERMOSA CON PETALOS GRUESOS PERO PERQUEÑOS DE COLOR PURPURA CLARO ',
                       NULL, 0.05, '23.JPG',1 , GETDATE(),GETDATE())



INSERT INTO SWVMMPRODUCTO04
                      (SWVM04PROD_ID, SWVM04CATE_ID, SWVM04PROD_NOMBRE, SWVM04PRECIO, SWVM04STOCK, SWVM04DESCRIPCION, SWVM04URL, SWVM04SIZE, SWVM04IMAGENAME, SWVM04PROV_ID, SWVM04FECHA_REGPRO, SWVM04FECHA_UPDATE)

VALUES     (24, 1, ' MAGNOLIA', 0.20, 100, 
                      'FLOR DE COLOR BLANCA CON PETALOS GRUESOS Y GRANDES',
                       NULL, 0.03, '24.JPG',1 , GETDATE(),GETDATE())



INSERT INTO SWVMMPRODUCTO04
                      (SWVM04PROD_ID, SWVM04CATE_ID, SWVM04PROD_NOMBRE, SWVM04PRECIO, SWVM04STOCK, SWVM04DESCRIPCION, SWVM04URL, SWVM04SIZE, SWVM04IMAGENAME, SWVM04PROV_ID, SWVM04FECHA_REGPRO, SWVM04FECHA_UPDATE)

VALUES     (25, 1, ' NARCISOS', 0.05, 100, 
                      'FLOR DE COLOR AMARILLO CON SEMILLA DE COLOR ROJISO PETALOS GRUESOS Y GRANDES',
                       NULL, 0.05, '25.JPG',1 , GETDATE(),GETDATE())



INSERT INTO SWVMMPRODUCTO04
                      (SWVM04PROD_ID, SWVM04CATE_ID, SWVM04PROD_NOMBRE, SWVM04PRECIO, SWVM04STOCK, SWVM04DESCRIPCION, SWVM04URL, SWVM04SIZE, SWVM04IMAGENAME, SWVM04PROV_ID, SWVM04FECHA_REGPRO, SWVM04FECHA_UPDATE)

VALUES     (26, 1, ' ROSABLANCA', 0.50, 100, 
                      'ESTA ROSA TIENE DIFERENTES COLORES DE PETALOS  ESTOS SON BLANCOS PERO SIEMPRE CON TONOS DE OTROS COLORES',
                       NULL, 0.05, '26.JPG',1 , GETDATE(),GETDATE())


INSERT INTO SWVMMPRODUCTO04
                      (SWVM04PROD_ID, SWVM04CATE_ID, SWVM04PROD_NOMBRE, SWVM04PRECIO, SWVM04STOCK, SWVM04DESCRIPCION, SWVM04URL, SWVM04SIZE, SWVM04IMAGENAME, SWVM04PROV_ID, SWVM04FECHA_REGPRO, SWVM04FECHA_UPDATE)

VALUES     (27, 1, ' ROSAMALVA', 0.20, 100, 
                      'FLOR BRILLANTES CON PETALOS GRUESOS Y GRANDES DE COLOR VIOLETA CLARO',
                       NULL, 0.03, '27.JPG',1 , GETDATE(),GETDATE())


INSERT INTO SWVMMPRODUCTO04
                      (SWVM04PROD_ID, SWVM04CATE_ID, SWVM04PROD_NOMBRE, SWVM04PRECIO, SWVM04STOCK, SWVM04DESCRIPCION, SWVM04URL, SWVM04SIZE, SWVM04IMAGENAME, SWVM04PROV_ID, SWVM04FECHA_REGPRO, SWVM04FECHA_UPDATE)

VALUES     (28, 1, ' VINCA', 0.20, 100, 
                      'FLOR GRANDES DE PETALOS GRUESOS COLOR VIOLETA OSCURO  Y SEMILLA BLANCA',
                       NULL, 0.05, '28.JPG',1 , GETDATE(),GETDATE())



INSERT INTO SWVMMPRODUCTO04
                      (SWVM04PROD_ID, SWVM04CATE_ID, SWVM04PROD_NOMBRE, SWVM04PRECIO, SWVM04STOCK, SWVM04DESCRIPCION, SWVM04URL, SWVM04SIZE, SWVM04IMAGENAME, SWVM04PROV_ID, SWVM04FECHA_REGPRO, SWVM04FECHA_UPDATE)
VALUES     (1, 2, 'ORTIGA', 0.50, 100, 
                      'ES CARACTERISTICA DE LAS ZONAS TEMPLADAS DEL MUNDO SUS FLORES CRECEN EN UNAS ESPIGAS Y SECRETAN 
                       UN LIQUIDO URENTE TAMBIEN ES UN ESTIMULANTE DEL SISTEMA DIGESTIVO',
                       NULL, 0.50, '1.JPG',1 , GETDATE(),GETDATE())

INSERT INTO SWVMMPRODUCTO04
                      (SWVM04PROD_ID, SWVM04CATE_ID, SWVM04PROD_NOMBRE, SWVM04PRECIO, SWVM04STOCK, SWVM04DESCRIPCION, SWVM04URL, SWVM04SIZE, SWVM04IMAGENAME, SWVM04PROV_ID, SWVM04FECHA_REGPRO, SWVM04FECHA_UPDATE)
VALUES     (2, 2, 'LLANTEN', 0.30, 100, 
                      'CRECE EN TERRENO BALDIOS COMO UNA MALESA COMUN CONOCIDA POR SUS PROPIEDADES CURATIVAS',
                       NULL, 0.40, '2.JPG',1 , GETDATE(),GETDATE())
					   
INSERT INTO SWVMMPRODUCTO04
                      (SWVM04PROD_ID, SWVM04CATE_ID, SWVM04PROD_NOMBRE, SWVM04PRECIO, SWVM04STOCK, SWVM04DESCRIPCION, SWVM04URL, SWVM04SIZE, SWVM04IMAGENAME, SWVM04PROV_ID, SWVM04FECHA_REGPRO, SWVM04FECHA_UPDATE)
VALUES     (3, 2, 'CANELA', 0.20, 100, 
                      'CULTIVO EN LA MAYOR PARTE DE LAS REGIONES TROPICALES CALIDAD Y HUMEDAS',
                       NULL, 0.20, '3.JPG',1 , GETDATE(),GETDATE())
					   
					   
INSERT INTO SWVMMPRODUCTO04
                      (SWVM04PROD_ID, SWVM04CATE_ID, SWVM04PROD_NOMBRE, SWVM04PRECIO, SWVM04STOCK, SWVM04DESCRIPCION, SWVM04URL, SWVM04SIZE, SWVM04IMAGENAME, SWVM04PROV_ID, SWVM04FECHA_REGPRO, SWVM04FECHA_UPDATE)
VALUES     (4, 2, 'CEDRON', 0.30, 100, 
                      'ES UTILIZADO EN PERFUMERIA Y MEDICINA COMO SEDANTE ESTOMATICO Y ANTIESPASMODICO DE COLOR VERDE PALIDO',
                       NULL, 3.00, '4.JPG',1 , GETDATE(),GETDATE())
					   
					   
INSERT INTO SWVMMPRODUCTO04
                      (SWVM04PROD_ID, SWVM04CATE_ID, SWVM04PROD_NOMBRE, SWVM04PRECIO, SWVM04STOCK, SWVM04DESCRIPCION, SWVM04URL, SWVM04SIZE, SWVM04IMAGENAME, SWVM04PROV_ID, SWVM04FECHA_REGPRO, SWVM04FECHA_UPDATE)
VALUES     (5, 2, 'EUCALIPTO', 0.25, 100, 
                      'CONOCIDOS COMO MADERA DE SANGRE TAMBIEN SIRVE COMO FUENTE DE LA QUINA DE BOTANYBAY',
                       NULL, 0.30, '5.JPG',1 , GETDATE(),GETDATE())
					   
					   
INSERT INTO SWVMMPRODUCTO04
                      (SWVM04PROD_ID, SWVM04CATE_ID, SWVM04PROD_NOMBRE, SWVM04PRECIO, SWVM04STOCK, SWVM04DESCRIPCION, SWVM04URL, SWVM04SIZE, SWVM04IMAGENAME, SWVM04PROV_ID, SWVM04FECHA_REGPRO, SWVM04FECHA_UPDATE)
VALUES     (6, 2, 'AMARGON', 0.25, 100, 
                      'ACTUA EN LA PARTE PRINCIPAL DEL ORGANISM HUMANO SANGRE PORQUE AUMENTA LOS GLOBULOS ROJOS ',
                       NULL, 0.15, '6.JPG',1 , GETDATE(),GETDATE())
					   

INSERT INTO SWVMMPRODUCTO04
                      (SWVM04PROD_ID, SWVM04CATE_ID, SWVM04PROD_NOMBRE, SWVM04PRECIO, SWVM04STOCK, SWVM04DESCRIPCION, SWVM04URL, SWVM04SIZE, SWVM04IMAGENAME, SWVM04PROV_ID, SWVM04FECHA_REGPRO, SWVM04FECHA_UPDATE)
VALUES     (7, 2, 'ANIS', 0.15, 100, 
                      'SU SEMILLA ES UTILIZADA EN ELABORACION DE LICORES Y EN MEDICINA COMO ESTIMULANTE ',
                       NULL, 0.05, '7.JPG',1 , GETDATE(),GETDATE())



INSERT INTO SWVMMPRODUCTO04
                      (SWVM04PROD_ID, SWVM04CATE_ID, SWVM04PROD_NOMBRE, SWVM04PRECIO, SWVM04STOCK, SWVM04DESCRIPCION, SWVM04URL, SWVM04SIZE, SWVM04IMAGENAME, SWVM04PROV_ID, SWVM04FECHA_REGPRO, SWVM04FECHA_UPDATE)
VALUES     (8, 2, 'APIO', 0.20, 100, 
                      'SON CONSUMIDOS CRUDOS EN ENSALADAS SUS SEMILLAS SON UTILIZADAS COMO SEDANTES',
                       NULL, 0.15, '8.JPG',1 , GETDATE(),GETDATE())



INSERT INTO SWVMMPRODUCTO04
                      (SWVM04PROD_ID, SWVM04CATE_ID, SWVM04PROD_NOMBRE, SWVM04PRECIO, SWVM04STOCK, SWVM04DESCRIPCION, SWVM04URL, SWVM04SIZE, SWVM04IMAGENAME, SWVM04PROV_ID, SWVM04FECHA_REGPRO, SWVM04FECHA_UPDATE)
VALUES     (9, 2, 'MANZANILLA', 0.10, 100, 
                      'ES UTILIZA EN MEDICINA COMO UNA INFUSION PAR4A LOS NERVIOS , INSOMIOS, REDUCE LAS INFLAMACIONES DEL APARATO DIGESTIVO',
                       NULL, 0.15, '9.JPG',1 , GETDATE(),GETDATE())



INSERT INTO SWVMMPRODUCTO04
                      (SWVM04PROD_ID, SWVM04CATE_ID, SWVM04PROD_NOMBRE, SWVM04PRECIO, SWVM04STOCK, SWVM04DESCRIPCION, SWVM04URL, SWVM04SIZE, SWVM04IMAGENAME, SWVM04PROV_ID, SWVM04FECHA_REGPRO, SWVM04FECHA_UPDATE)
VALUES     (10, 2, 'MATICO', 0.10, 100, 
                      'SUS HOJAS SON UTILIZADAS EN MEDICINA COMO UN TONICO ESTIMULANTE Y DIURETICO SIRVEN PARA TRATAR ULCERAS ESTOMACALE DIFERENTES TIPOS DE HEMORRAGIAS INTERNAS ',
                       NULL, 0.15, '10.JPG',1 , GETDATE(),GETDATE())





INSERT INTO SWVMMPRODUCTO04
                      (SWVM04PROD_ID, SWVM04CATE_ID, SWVM04PROD_NOMBRE, SWVM04PRECIO, SWVM04STOCK, SWVM04DESCRIPCION, SWVM04URL, SWVM04SIZE, SWVM04IMAGENAME, SWVM04PROV_ID, SWVM04FECHA_REGPRO, SWVM04FECHA_UPDATE)
VALUES     (11, 2, 'MENTA', 0.15, 100, 
                      'SON UTILIZADAS EN MEDICINA COMO UN ANTIPASMÓDICO, ESTIMULANTE ESTOMACAL, BACTERIOSTÁTICO Y COMO ESENCIA UTILIZADA EN LICORERIA',
                       NULL, 0.10, '11.JPG',1 , GETDATE(),GETDATE())





INSERT INTO SWVMMPRODUCTO04
                      (SWVM04PROD_ID, SWVM04CATE_ID, SWVM04PROD_NOMBRE, SWVM04PRECIO, SWVM04STOCK, SWVM04DESCRIPCION, SWVM04URL, SWVM04SIZE, SWVM04IMAGENAME, SWVM04PROV_ID, SWVM04FECHA_REGPRO, SWVM04FECHA_UPDATE)
VALUES     (12, 2, 'ROMERO', 0.20, 100, 
                      'SUS HOJAS SON UTILIZADAS COMO CONDIMENTO Y FUENTE DE UN ACEITE VOLÁTIL CUAL ES  UTILIZADO EN MEDICINA COMO ESTIMULAANTE Y TAMBIEN EN PERFUMERIA',
                       NULL, 0.15, '12.JPG',1 , GETDATE(),GETDATE())





INSERT INTO SWVMMPRODUCTO04
                      (SWVM04PROD_ID, SWVM04CATE_ID, SWVM04PROD_NOMBRE, SWVM04PRECIO, SWVM04STOCK, SWVM04DESCRIPCION, SWVM04URL, SWVM04SIZE, SWVM04IMAGENAME, SWVM04PROV_ID, SWVM04FECHA_REGPRO, SWVM04FECHA_UPDATE)
VALUES     (13, 2, 'RUDA', 0.15, 100, 
                      'PLANTA PARA DIFERENTE TIPO DE LIMPIA PARA PERSONAS',
                       NULL, 0.15, '13.JPG',1 , GETDATE(),GETDATE())






INSERT INTO SWVMMPRODUCTO04
                      (SWVM04PROD_ID, SWVM04CATE_ID, SWVM04PROD_NOMBRE, SWVM04PRECIO, SWVM04STOCK, SWVM04DESCRIPCION, SWVM04URL, SWVM04SIZE, SWVM04IMAGENAME, SWVM04PROV_ID, SWVM04FECHA_REGPRO, SWVM04FECHA_UPDATE)
VALUES     (14, 2, 'UÑA DE GATO', 0.20, 100, 
                      'ESTA PLANTA MEDICINAL SE USA PARA DIFERENTES TIPOS DE SANACIONES Y PARA LIMPIAR LA SANGRE DE IMPUREZAS',
                       NULL, 0.10, '14.JPG',1 , GETDATE(),GETDATE())




INSERT INTO SWVMMPRODUCTO04
                      (SWVM04PROD_ID, SWVM04CATE_ID, SWVM04PROD_NOMBRE, SWVM04PRECIO, SWVM04STOCK, SWVM04DESCRIPCION, SWVM04URL, SWVM04SIZE, SWVM04IMAGENAME, SWVM04PROV_ID, SWVM04FECHA_REGPRO, SWVM04FECHA_UPDATE)
VALUES     (15, 2, 'PAICO', 0.10, 100, 
                      'PLANTA MEDICINAL DIFERENTES INFUSIONES PARA FORTALECER EL CUERPO',
                       NULL, 0.15, '15.JPG',1 , GETDATE(),GETDATE())






INSERT INTO SWVMMPRODUCTO04
                      (SWVM04PROD_ID, SWVM04CATE_ID, SWVM04PROD_NOMBRE, SWVM04PRECIO, SWVM04STOCK, SWVM04DESCRIPCION, SWVM04URL, SWVM04SIZE, SWVM04IMAGENAME, SWVM04PROV_ID, SWVM04FECHA_REGPRO, SWVM04FECHA_UPDATE)
VALUES     (16, 2, 'VALERIANA', 0.10, 100, 
                      'LA INFUSION DE SUS  RAICES CARNOSAS SON RECOMENDADAS PARA EL ASMA NERVIOSO Y COMO UN FORTALECEDOR Y REGULADOR DE LOS LATIDOS CARDIACOS  ',
                       NULL, 0.15, '16.JPG',1 , GETDATE(),GETDATE())





INSERT INTO SWVMMPRODUCTO04
                      (SWVM04PROD_ID, SWVM04CATE_ID, SWVM04PROD_NOMBRE, SWVM04PRECIO, SWVM04STOCK, SWVM04DESCRIPCION, SWVM04URL, SWVM04SIZE, SWVM04IMAGENAME, SWVM04PROV_ID, SWVM04FECHA_REGPRO, SWVM04FECHA_UPDATE)
VALUES     (17, 2, 'OREGANO', 0.15, 100, 
                      'ESTA PLANTA SIRVE PARA INFUSIONES QUE SON RECOMENDADAS PARA LOS GASES GASTRICOS DEL CUERPO',
                       NULL, 0.05, '17.JPG',1 , GETDATE(),GETDATE())





INSERT INTO SWVMMPRODUCTO04
                      (SWVM04PROD_ID, SWVM04CATE_ID, SWVM04PROD_NOMBRE, SWVM04PRECIO, SWVM04STOCK, SWVM04DESCRIPCION, SWVM04URL, SWVM04SIZE, SWVM04IMAGENAME, SWVM04PROV_ID, SWVM04FECHA_REGPRO, SWVM04FECHA_UPDATE)
VALUES     (18, 2, 'SABILA', 0.45, 100, 
                      'EL GEL DE ALOE DE ESTA PLANTA ES UTILIZADA PARA LA CURACION DE HERIDAS, QUEMADURAS, LESSIONES EPIDÉRMICAS Y REDUCE EL DOLOR',
                       NULL, 0.15, '18.JPG',1 , GETDATE(),GETDATE())





INSERT INTO SWVMMPRODUCTO04
                      (SWVM04PROD_ID, SWVM04CATE_ID, SWVM04PROD_NOMBRE, SWVM04PRECIO, SWVM04STOCK, SWVM04DESCRIPCION, SWVM04URL, SWVM04SIZE, SWVM04IMAGENAME, SWVM04PROV_ID, SWVM04FECHA_REGPRO, SWVM04FECHA_UPDATE)
VALUES     (19, 2, 'MALVA', 0.25, 100, 
                      'NOMBRE DE UNA FAMILIA DE PLANTAS FORMADOS POR 100 GENEROS Y 2000 ESPECIES FUNDAMENTALMENTE ARBOLES Y ARBUSTOS ',
                       NULL, 0.15, '19.JPG',1 , GETDATE(),GETDATE())






INSERT INTO SWVMMPRODUCTO04
                      (SWVM04PROD_ID, SWVM04CATE_ID, SWVM04PROD_NOMBRE, SWVM04PRECIO, SWVM04STOCK, SWVM04DESCRIPCION, SWVM04URL, SWVM04SIZE, SWVM04IMAGENAME, SWVM04PROV_ID, SWVM04FECHA_REGPRO, SWVM04FECHA_UPDATE)
VALUES     (20, 2, 'CHIQUIRAGUA', 0.20, 100, 
                      'ES UTILIZADA EN LA MEDICINA COMO UN TONICO, ALIVIA LA TOS FUERTE, LA IRRITACION DE LOS RIÑONES, AYUDA EN LOS PROBLEMAS HEPATICOS Y AUMENTA LA PRODUCCION DE LA BILIS',
                       NULL, 0.25, '20.JPG',1 , GETDATE(),GETDATE())





INSERT INTO SWVMMPRODUCTO04
                      (SWVM04PROD_ID, SWVM04CATE_ID, SWVM04PROD_NOMBRE, SWVM04PRECIO, SWVM04STOCK, SWVM04DESCRIPCION, SWVM04URL, SWVM04SIZE, SWVM04IMAGENAME, SWVM04PROV_ID, SWVM04FECHA_REGPRO, SWVM04FECHA_UPDATE)
VALUES     (21, 2, 'QUINA ', 0.10, 100, 
                      'LA CORTEZA DE LA QUINA TIENE PROPIEDADES MEDICINALES DE LA CUAL SE EXTRAE LA QUININA',
                       NULL, 0.15, '21.JPG',1 , GETDATE(),GETDATE())




INSERT INTO SWVMMPRODUCTO04
                      (SWVM04PROD_ID, SWVM04CATE_ID, SWVM04PROD_NOMBRE, SWVM04PRECIO, SWVM04STOCK, SWVM04DESCRIPCION, SWVM04URL, SWVM04SIZE, SWVM04IMAGENAME, SWVM04PROV_ID, SWVM04FECHA_REGPRO, SWVM04FECHA_UPDATE)
VALUES     (22, 2, 'COLA DE CABALLO', 0.30, 100, 
                      'ES UTILIZADA COMO INFUSION DIURÉTICA, ES EFICAZ EN EL TRATAMIENTO DE HEMORRAGIAS  Y ULCERACIONES ',
                       NULL, 0.15, '22.JPG',1 , GETDATE(),GETDATE())


INSERT INTO SWVMMPRODUCTO04
                      (SWVM04PROD_ID, SWVM04CATE_ID, SWVM04PROD_NOMBRE, SWVM04PRECIO, SWVM04STOCK, SWVM04DESCRIPCION, SWVM04URL, SWVM04SIZE, SWVM04IMAGENAME, SWVM04PROV_ID, SWVM04FECHA_REGPRO, SWVM04FECHA_UPDATE)
VALUES     (1, 3, 'NARANJA', 4.10, 100, 
                      'NOMBRE DE CITRICO ESTE FRUTO ES UN HESPERIDIO QUE ES UNA VARIANTE DE LA BAYA CUBIERTA POR UN EXOCARPO O CÁSCARA DE COLOR
                        ANARANJADO EL CUAL CONTIENE ACEITES ESENCIALES',
                       NULL, 1.60, '1.JPG',1 , GETDATE(),GETDATE())



INSERT INTO SWVMMPRODUCTO04
                      (SWVM04PROD_ID, SWVM04CATE_ID, SWVM04PROD_NOMBRE, SWVM04PRECIO, SWVM04STOCK, SWVM04DESCRIPCION, SWVM04URL, SWVM04SIZE, SWVM04IMAGENAME, SWVM04PROV_ID, SWVM04FECHA_REGPRO, SWVM04FECHA_UPDATE)
VALUES     (2, 3, 'MANZANA', 3.25, 100, 
                      'EL MANZANO ES UN ARBOL CADUCIFOLIO DISTRIBUIDO SOBRE TODAS LAS REGIONES TEMPLADAS EL COLOR DE LA PIEL VA DESDE EL VERDE HASTA
                      EL ROJO MUY OSCURO',
                       NULL, 0.80, '2.JPG',1 , GETDATE(),GETDATE())
					   
INSERT INTO SWVMMPRODUCTO04
                      (SWVM04PROD_ID, SWVM04CATE_ID, SWVM04PROD_NOMBRE, SWVM04PRECIO, SWVM04STOCK, SWVM04DESCRIPCION, SWVM04URL, SWVM04SIZE, SWVM04IMAGENAME, SWVM04PROV_ID, SWVM04FECHA_REGPRO, SWVM04FECHA_UPDATE)
VALUES     (3, 3, 'MANDARINA', 4.30, 100, 
                      'DE COLOR AMARILLO ROJISO LAS FLORES SON BLANCAS NATIVO DEL SURESTE ASIATICO TIENE UN VALOR NUTRITIVO MUY SIMILAR AL DE LA 
                       NARANJA PERO ES MAS FRAGIL Y MAS EXPUESTO A SUFRIR DAÑOS DURANTE SU MANIPULACION',
                       NULL, 0.80, '3.JPG',1 , GETDATE(),GETDATE())
					   
					   
INSERT INTO SWVMMPRODUCTO04
                      (SWVM04PROD_ID, SWVM04CATE_ID, SWVM04PROD_NOMBRE, SWVM04PRECIO, SWVM04STOCK, SWVM04DESCRIPCION, SWVM04URL, SWVM04SIZE, SWVM04IMAGENAME, SWVM04PROV_ID, SWVM04FECHA_REGPRO, SWVM04FECHA_UPDATE)
VALUES     (4, 3, 'DURAZNO', 7.30, 100, 
                      'ARBOL QUE LOS BOTANICOS CONSIDERAN QUE SON NATIVOS DE CHINA Y SE CULTIVAN EN TODAS LAS REGIONES TEMPLADAS
                         Y SUBTROPICALES DEL MUNDO',
                       NULL, 1.00, '4.JPG',1 , GETDATE(),GETDATE())
					   
					   
INSERT INTO SWVMMPRODUCTO04
                      (SWVM04PROD_ID, SWVM04CATE_ID, SWVM04PROD_NOMBRE, SWVM04PRECIO, SWVM04STOCK, SWVM04DESCRIPCION, SWVM04URL, SWVM04SIZE, SWVM04IMAGENAME, SWVM04PROV_ID, SWVM04FECHA_REGPRO, SWVM04FECHA_UPDATE)
VALUES     (5, 3, 'FRUTILLA', 5.10, 300, 
                      'LA FRESA EN NATIVA DE TODAS LAS REGIONES TEMPLADAS DEL MUNDO  Y SE CULTIVAN EN GRANDES CANTIDADES ESTE FRUTO
                     ES EL RESULTADO  DE LA AGREGACION DE MUCHOS CARPELOS SECOS DIMINUTOS SOBRE UN RECEPTACULO PULPOSO DE COLOR ROJO',
                       NULL, 0.70, '5.JPG',1 , GETDATE(),GETDATE())
					   
					   
INSERT INTO SWVMMPRODUCTO04
                      (SWVM04PROD_ID, SWVM04CATE_ID, SWVM04PROD_NOMBRE, SWVM04PRECIO, SWVM04STOCK, SWVM04DESCRIPCION, SWVM04URL, SWVM04SIZE, SWVM04IMAGENAME, SWVM04PROV_ID, SWVM04FECHA_REGPRO, SWVM04FECHA_UPDATE)
VALUES     (6, 3, 'MORA', 5.05, 500, 
                      'EL FRUTO MADURO LLAMADO MORAES UN AGREPADO DE PEUEÑAS DRUPAS DE COLOR PÚRPURA OSCURO UNIDAS A UN RECEPTACULO
                      CÓNICO QUE SE SEPARA FÁCILMENTE DE LA PLANTA  ',
                       NULL, 0.70, '6.JPG',1 , GETDATE(),GETDATE())
					   

INSERT INTO SWVMMPRODUCTO04
                      (SWVM04PROD_ID, SWVM04CATE_ID, SWVM04PROD_NOMBRE, SWVM04PRECIO, SWVM04STOCK, SWVM04DESCRIPCION, SWVM04URL, SWVM04SIZE, SWVM04IMAGENAME, SWVM04PROV_ID, SWVM04FECHA_REGPRO, SWVM04FECHA_UPDATE)
VALUES     (7, 3, 'PIÑA', 5.90, 100, 
                      'FAMILIA DE PLANTAS CON FLORES CARACTERIZADAS POR UNAS ESCAMAS FOLIARES EXCLUSIVAS QUE 
                    TIENEN LA PROPIEDAS DE RETENER AGUA Y POR FLORES REGULARES DE TRES PIEZAS CON MAS DE 2000 ESPECIES Y 46 GENEROS ',
                       NULL, 1.00, '7.JPG',1 , GETDATE(),GETDATE())



INSERT INTO SWVMMPRODUCTO04
                      (SWVM04PROD_ID, SWVM04CATE_ID, SWVM04PROD_NOMBRE, SWVM04PRECIO, SWVM04STOCK, SWVM04DESCRIPCION, SWVM04URL, SWVM04SIZE, SWVM04IMAGENAME, SWVM04PROV_ID, SWVM04FECHA_REGPRO, SWVM04FECHA_UPDATE)
VALUES     (8, 3, 'LIMON', 3.20, 100, 
                      'NOMBRE COMUN DE UN PEQUEÑO ARBOL ESPINOSO QUE PRODUCE EL FRUTO LLAMADO LIMON ESTE SE CULTIVA EN TODAS LAS REGIONES
                     TROPICALES Y SUBTROPICALES DEL MUNDO',
                       NULL, 1.15, '8.JPG',1 , GETDATE(),GETDATE())



INSERT INTO SWVMMPRODUCTO04
                      (SWVM04PROD_ID, SWVM04CATE_ID, SWVM04PROD_NOMBRE, SWVM04PRECIO, SWVM04STOCK, SWVM04DESCRIPCION, SWVM04URL, SWVM04SIZE, SWVM04IMAGENAME, SWVM04PROV_ID, SWVM04FECHA_REGPRO, SWVM04FECHA_UPDATE)
VALUES     (9, 3, 'BABACO', 2.10, 100, 
                      'ORIGINARIO DE ECUADOR  SE PRODUCE TODO EL AÑO Y CONTIENE VITAMINA C  Y SE PRODUCE EN TODAS LAS
                      REGIONES INTERANDINAS',
                       NULL, 1.15, '9.JPG',1 , GETDATE(),GETDATE())



INSERT INTO SWVMMPRODUCTO04
                      (SWVM04PROD_ID, SWVM04CATE_ID, SWVM04PROD_NOMBRE, SWVM04PRECIO, SWVM04STOCK, SWVM04DESCRIPCION, SWVM04URL, SWVM04SIZE, SWVM04IMAGENAME, SWVM04PROV_ID, SWVM04FECHA_REGPRO, SWVM04FECHA_UPDATE)
VALUES     (10, 3, 'MANGO', 3.10, 100, 
                      ' ES NATIVO DE INDIA CRECE HASTA UNOS Q5 M DE ALTURA Y FORMA NUMEROSAS RAMAS ALTAS Y ABIERTAS  RODEADO DE CUBIERTA LEÑOSA',
                       NULL, 2.15, '10.JPG',1 , GETDATE(),GETDATE())





INSERT INTO SWVMMPRODUCTO04
                      (SWVM04PROD_ID, SWVM04CATE_ID, SWVM04PROD_NOMBRE, SWVM04PRECIO, SWVM04STOCK, SWVM04DESCRIPCION, SWVM04URL, SWVM04SIZE, SWVM04IMAGENAME, SWVM04PROV_ID, SWVM04FECHA_REGPRO, SWVM04FECHA_UPDATE)
VALUES     (11, 3, 'SANDIA', 5.15, 100, 
                      'LAS SANDIAS SON MUY VARIABLES EN CUANTO A FORMA TAMAÑO Y MANCHAS DE CASCARA  HAY REINA FABIOLA SUGAR BABY Y PANOMIA',
                       NULL, 2.10, '11.JPG',1 , GETDATE(),GETDATE())





INSERT INTO SWVMMPRODUCTO04
                      (SWVM04PROD_ID, SWVM04CATE_ID, SWVM04PROD_NOMBRE, SWVM04PRECIO, SWVM04STOCK, SWVM04DESCRIPCION, SWVM04URL, SWVM04SIZE, SWVM04IMAGENAME, SWVM04PROV_ID, SWVM04FECHA_REGPRO, SWVM04FECHA_UPDATE)
VALUES     (12, 3, 'TOMATILLO', 2.20, 100, 
                      'ORIGINARIO DE SUDAMERICA COLOMBIA Y PERU TIENE VITAMINAS A B C E y K EN EL ECUADOR SE PRODUCE EN TODAS LAS PROVINCIAS DE LA REGION INTERANDINA',
                       NULL, 1.15, '12.JPG',1 , GETDATE(),GETDATE())





INSERT INTO SWVMMPRODUCTO04
                      (SWVM04PROD_ID, SWVM04CATE_ID, SWVM04PROD_NOMBRE, SWVM04PRECIO, SWVM04STOCK, SWVM04DESCRIPCION, SWVM04URL, SWVM04SIZE, SWVM04IMAGENAME, SWVM04PROV_ID, SWVM04FECHA_REGPRO, SWVM04FECHA_UPDATE)
VALUES     (13, 3, 'UVA', 1.15, 100, 
                      'LA DISPERSION DE LAS SEMILLAS POR LAS AVES EL VIENTO Y EL AGUA DIFUNDIO LA PLANTA HACIA EL OESTE ',
                       NULL, 1.15, '13.JPG',1 , GETDATE(),GETDATE())






INSERT INTO SWVMMPRODUCTO04
                      (SWVM04PROD_ID, SWVM04CATE_ID, SWVM04PROD_NOMBRE, SWVM04PRECIO, SWVM04STOCK, SWVM04DESCRIPCION, SWVM04URL, SWVM04SIZE, SWVM04IMAGENAME, SWVM04PROV_ID, SWVM04FECHA_REGPRO, SWVM04FECHA_UPDATE)
VALUES     (14, 3, 'BANANO', 3.20, 100, 
                      'NOMBRE COMUN DE UN GENERO TROPICAL DE PLANTAS HERBACEAS DE PORTE ARABOREO ORIGINARAS DEL SURESTE ASIATICO',
                       NULL, 2.10, '14.JPG',1 , GETDATE(),GETDATE())




INSERT INTO SWVMMPRODUCTO04
                      (SWVM04PROD_ID, SWVM04CATE_ID, SWVM04PROD_NOMBRE, SWVM04PRECIO, SWVM04STOCK, SWVM04DESCRIPCION, SWVM04URL, SWVM04SIZE, SWVM04IMAGENAME, SWVM04PROV_ID, SWVM04FECHA_REGPRO, SWVM04FECHA_UPDATE)
VALUES     (15, 3, 'MELON', 2.10, 100, 
                      'PERTENECEN A DOS ESPECIES DE ENREDADERAS RASTRERAS EN SUS VARIEDADES AMARILLO ORO TENDA DE INVIERNO ENTRE OTROS',
                       NULL, 1.15, '15.JPG',1 , GETDATE(),GETDATE())






INSERT INTO SWVMMPRODUCTO04
                      (SWVM04PROD_ID, SWVM04CATE_ID, SWVM04PROD_NOMBRE, SWVM04PRECIO, SWVM04STOCK, SWVM04DESCRIPCION, SWVM04URL, SWVM04SIZE, SWVM04IMAGENAME, SWVM04PROV_ID, SWVM04FECHA_REGPRO, SWVM04FECHA_UPDATE)
VALUES     (16, 3, 'MARACUYA', 3.10, 100, 
                      'ES UNA PLANTA TREPADORA DE LOS BOSQUES  LA FRUTA ES UNA BAYA DEL TAMAÑO DE UN HUEVO Y CONTIENE ABUNDANTES SEMILLAS ',
                       NULL, 2.15, '16.JPG',1 , GETDATE(),GETDATE())





INSERT INTO SWVMMPRODUCTO04
                      (SWVM04PROD_ID, SWVM04CATE_ID, SWVM04PROD_NOMBRE, SWVM04PRECIO, SWVM04STOCK, SWVM04DESCRIPCION, SWVM04URL, SWVM04SIZE, SWVM04IMAGENAME, SWVM04PROV_ID, SWVM04FECHA_REGPRO, SWVM04FECHA_UPDATE)
VALUES     (17, 3, 'NARANJILLA', 3.15, 100, 
                      'ES UN FRUTO REDONDO Y PEQUEÑO LAS HOJAS DE ESTE ARBUSTO ESTAN CUBIERTAS DE UNA VELLOSIDAD BLANQUECINA  LOS CENTROS DE PRODUCCION ESTAN EN PRYO TANDAPI LOJA Y ZAMORA',
                       NULL, 1.05, '17.JPG',1 , GETDATE(),GETDATE())





INSERT INTO SWVMMPRODUCTO04
                      (SWVM04PROD_ID, SWVM04CATE_ID, SWVM04PROD_NOMBRE, SWVM04PRECIO, SWVM04STOCK, SWVM04DESCRIPCION, SWVM04URL, SWVM04SIZE, SWVM04IMAGENAME, SWVM04PROV_ID, SWVM04FECHA_REGPRO, SWVM04FECHA_UPDATE)
VALUES     (18, 3, 'PAPAYA', 4.45, 100, 
                      'ESTE SE DISTRIBUYE EN MEXICO  CENTROAMERICA  BRASIL Y OTRAS ZONAS TROPICALES ESTE LLEGA A MEDIR HASTA 8 METROS',
                       NULL, 1.15, '18.JPG',1 , GETDATE(),GETDATE())



INSERT INTO SWVMMPRODUCTO04
                      (SWVM04PROD_ID, SWVM04CATE_ID, SWVM04PROD_NOMBRE, SWVM04PRECIO, SWVM04STOCK, SWVM04DESCRIPCION, SWVM04URL, SWVM04SIZE, SWVM04IMAGENAME, SWVM04PROV_ID, SWVM04FECHA_REGPRO, SWVM04FECHA_UPDATE)

VALUES     (1, 4, 'ACER', 4.50, 100, 
                      'DE FAMILIA ACERACEAE PROVENIENTE DE CHINA Y JAPON NOMBRE COMUN ARCE PALMADO',
                       NULL, 0.10, '1.JPG',1 , GETDATE(),GETDATE())

INSERT INTO SWVMMPRODUCTO04
                      (SWVM04PROD_ID, SWVM04CATE_ID, SWVM04PROD_NOMBRE, SWVM04PRECIO, SWVM04STOCK, SWVM04DESCRIPCION, SWVM04URL, SWVM04SIZE, SWVM04IMAGENAME, SWVM04PROV_ID, SWVM04FECHA_REGPRO, SWVM04FECHA_UPDATE)

VALUES     (2, 4, ' ARCE', 5.50, 100, 
                      'CON TRATAMIENTO DE ABONO LAS PLANTAS DE ARCE CRECEN BASTANTAE',
                       NULL, 0.12, '2.JPG',1 , GETDATE(),GETDATE())

INSERT INTO SWVMMPRODUCTO04
                      (SWVM04PROD_ID, SWVM04CATE_ID, SWVM04PROD_NOMBRE, SWVM04PRECIO, SWVM04STOCK, SWVM04DESCRIPCION, SWVM04URL, SWVM04SIZE, SWVM04IMAGENAME, SWVM04PROV_ID, SWVM04FECHA_REGPRO, SWVM04FECHA_UPDATE)

VALUES     (3, 4, ' AZALEA', 4.50, 100, 
                      'PLANTA MAS HERMOSA A CULTIVAR UN HUERTO DEL ESTILO DE LOS BONSAI ESTE ES UN MIEMBRO DEL GENERO RODODENDRO',
                       NULL, 0.10, '3.JPG',1 , GETDATE(),GETDATE())


INSERT INTO SWVMMPRODUCTO04
                      (SWVM04PROD_ID, SWVM04CATE_ID, SWVM04PROD_NOMBRE, SWVM04PRECIO, SWVM04STOCK, SWVM04DESCRIPCION, SWVM04URL, SWVM04SIZE, SWVM04IMAGENAME, SWVM04PROV_ID, SWVM04FECHA_REGPRO, SWVM04FECHA_UPDATE)

VALUES     (4, 4, ' BUGANVILLEA', 3.50, 100, 
                      'SUS FLORES TIENE ALGUNAS PROPIEDADES MEDICINALES Y EN ALGUNOS PAISES SON UTILIZADAS COMO INFUSION',
                       NULL, 0.10, '4.JPG',1 , GETDATE(),GETDATE())


INSERT INTO SWVMMPRODUCTO04
                      (SWVM04PROD_ID, SWVM04CATE_ID, SWVM04PROD_NOMBRE, SWVM04PRECIO, SWVM04STOCK, SWVM04DESCRIPCION, SWVM04URL, SWVM04SIZE, SWVM04IMAGENAME, SWVM04PROV_ID, SWVM04FECHA_REGPRO, SWVM04FECHA_UPDATE)

VALUES     (5, 4, ' CALIANDRA', 3.50, 100, 
                      'PERFECCIONA EL MOLDEADO DE BONSAI ARTE DE ARBOLES DE ESTA PLANTA',
                       NULL, 0.10, '5.JPG',1 , GETDATE(),GETDATE())



INSERT INTO SWVMMPRODUCTO04
                      (SWVM04PROD_ID, SWVM04CATE_ID, SWVM04PROD_NOMBRE, SWVM04PRECIO, SWVM04STOCK, SWVM04DESCRIPCION, SWVM04URL, SWVM04SIZE, SWVM04IMAGENAME, SWVM04PROV_ID, SWVM04FECHA_REGPRO, SWVM04FECHA_UPDATE)

VALUES     (6, 4, ' CARMONA', 4.50, 100, 
                      ' ESTA ES UNA ESPECIE QUE EXIGE DEDICACION DEBIDO A SUS NECESIDADES DE CULTIVO SE NECESITA EXPERIENCIA EN SU CULTIVO',
                       NULL, 0.20, '6.JPG',1 , GETDATE(),GETDATE())

INSERT INTO SWVMMPRODUCTO04
                      (SWVM04PROD_ID, SWVM04CATE_ID, SWVM04PROD_NOMBRE, SWVM04PRECIO, SWVM04STOCK, SWVM04DESCRIPCION, SWVM04URL, SWVM04SIZE, SWVM04IMAGENAME, SWVM04PROV_ID, SWVM04FECHA_REGPRO, SWVM04FECHA_UPDATE)

VALUES     (7, 4, 'PALMATUM ', 5.50, 100, 
                      'BONSAI DE CUIDADO ESPECIAL  PARA SU CULTIVO',
                       NULL, 0.15, '7.JPG',1 , GETDATE(),GETDATE())

INSERT INTO SWVMMPRODUCTO04
                      (SWVM04PROD_ID, SWVM04CATE_ID, SWVM04PROD_NOMBRE, SWVM04PRECIO, SWVM04STOCK, SWVM04DESCRIPCION, SWVM04URL, SWVM04SIZE, SWVM04IMAGENAME, SWVM04PROV_ID, SWVM04FECHA_REGPRO, SWVM04FECHA_UPDATE)

VALUES     (8, 4, ' COPAL', 3.50, 100, 
                      'COPAL ARBOL DE LA ABUNDANCIA SEGUN SU TRONCO Y SUS HOJAS ',
                       NULL, 0.10, '8.JPG',1 , GETDATE(),GETDATE())

INSERT INTO SWVMMPRODUCTO04
                      (SWVM04PROD_ID, SWVM04CATE_ID, SWVM04PROD_NOMBRE, SWVM04PRECIO, SWVM04STOCK, SWVM04DESCRIPCION, SWVM04URL, SWVM04SIZE, SWVM04IMAGENAME, SWVM04PROV_ID, SWVM04FECHA_REGPRO, SWVM04FECHA_UPDATE)

VALUES     (9, 4, ' CYPRESS ', 3.00, 100, 
                      'BONSAI PARA TRABAJARLO DE DIFERNTE FORMA FACIL DE CULTIVA Y TRATAR',
                       NULL, 0.16, '9.JPG',1 , GETDATE(),GETDATE())

INSERT INTO SWVMMPRODUCTO04
                      (SWVM04PROD_ID, SWVM04CATE_ID, SWVM04PROD_NOMBRE, SWVM04PRECIO, SWVM04STOCK, SWVM04DESCRIPCION, SWVM04URL, SWVM04SIZE, SWVM04IMAGENAME, SWVM04PROV_ID, SWVM04FECHA_REGPRO, SWVM04FECHA_UPDATE)

VALUES     (10, 4, ' DIOSPYROS ', 3.50, 100, 
                      'CON ESTE BONSAI PODEMOS TRABAJAR EN TODOS LOS ESTILOS  Y DE FACIL CULTIVO ',
                       NULL, 0.10, '10.JPG',1 , GETDATE(),GETDATE())

INSERT INTO SWVMMPRODUCTO04
                      (SWVM04PROD_ID, SWVM04CATE_ID, SWVM04PROD_NOMBRE, SWVM04PRECIO, SWVM04STOCK, SWVM04DESCRIPCION, SWVM04URL, SWVM04SIZE, SWVM04IMAGENAME, SWVM04PROV_ID, SWVM04FECHA_REGPRO, SWVM04FECHA_UPDATE)

VALUES     (11, 4, ' FICUS ', 4.00, 100, 
                      'ESTE ES UNOS DE LOS BONSAIS MAS FACILES DE CULTIVASR EXIGE MUCHO MENOS QUE EL CARMONA ',
                       NULL, 0.15, '11.JPG',1 , GETDATE(),GETDATE())


INSERT INTO SWVMMPRODUCTO04
                      (SWVM04PROD_ID, SWVM04CATE_ID, SWVM04PROD_NOMBRE, SWVM04PRECIO, SWVM04STOCK, SWVM04DESCRIPCION, SWVM04URL, SWVM04SIZE, SWVM04IMAGENAME, SWVM04PROV_ID, SWVM04FECHA_REGPRO, SWVM04FECHA_UPDATE)

VALUES     (12, 4, ' HOKIDACHI ', 3.00, 100, 
                      'BONSAI DE SUELOS ALCALINOS DE HOJA ATRACTIVA',
                       NULL, 0.15, '12.JPG',1 , GETDATE(),GETDATE())

INSERT INTO SWVMMPRODUCTO04
                      (SWVM04PROD_ID, SWVM04CATE_ID, SWVM04PROD_NOMBRE, SWVM04PRECIO, SWVM04STOCK, SWVM04DESCRIPCION, SWVM04URL, SWVM04SIZE, SWVM04IMAGENAME, SWVM04PROV_ID, SWVM04FECHA_REGPRO, SWVM04FECHA_UPDATE)

VALUES     (13, 4, ' NAKA ', 2.00, 100, 
                      'HERMOSA ESPECIE DE PLANTA PARA CULTIVARLA Y LLEVARLA A BONSAI',
                       NULL, 0.20, '13.JPG',1 , GETDATE(),GETDATE())

INSERT INTO SWVMMPRODUCTO04
                      (SWVM04PROD_ID, SWVM04CATE_ID, SWVM04PROD_NOMBRE, SWVM04PRECIO, SWVM04STOCK, SWVM04DESCRIPCION, SWVM04URL, SWVM04SIZE, SWVM04IMAGENAME, SWVM04PROV_ID, SWVM04FECHA_REGPRO, SWVM04FECHA_UPDATE)

VALUES     (14, 4, ' OLIVO ', 1.50, 100, 
                      'ES ENDEMICO DEL MEDITERRANEO DE SUELOS ACIDO O ALCALINOS CRECE LENTAMENTE PERO VIGOROSAMENTE ',
                       NULL, 0.15, '14.JPG',1 , GETDATE(),GETDATE())

INSERT INTO SWVMMPRODUCTO04
                      (SWVM04PROD_ID, SWVM04CATE_ID, SWVM04PROD_NOMBRE, SWVM04PRECIO, SWVM04STOCK, SWVM04DESCRIPCION, SWVM04URL, SWVM04SIZE, SWVM04IMAGENAME, SWVM04PROV_ID, SWVM04FECHA_REGPRO, SWVM04FECHA_UPDATE)

VALUES     (15, 4, ' PENDULA ', 1.50, 100, 
                      'AUTOCTONA ORIGINARIA DE CASI TODA EUROPA OESTE DE SIBERIA  ARBOL DE HOJA CADUCA ATRACTIVA CORTEZA PLATEADA DE ADULTO Y HOJAS AMARILLAS',
                       NULL, 0.15, '15.JPG',1 , GETDATE(),GETDATE())

INSERT INTO SWVMMPRODUCTO04
                      (SWVM04PROD_ID, SWVM04CATE_ID, SWVM04PROD_NOMBRE, SWVM04PRECIO, SWVM04STOCK, SWVM04DESCRIPCION, SWVM04URL, SWVM04SIZE, SWVM04IMAGENAME, SWVM04PROV_ID, SWVM04FECHA_REGPRO, SWVM04FECHA_UPDATE)

VALUES     (16, 4, ' ZELKLARGE ', 1.50, 100, 
                      'BONSAI DE CULTIVO CUIDADOSO Y LENTO CRECIMIENTO',
                       NULL, 0.10, '16.JPG',1 , GETDATE(),GETDATE())

INSERT INTO SWVMMPRODUCTO04
                      (SWVM04PROD_ID, SWVM04CATE_ID, SWVM04PROD_NOMBRE, SWVM04PRECIO, SWVM04STOCK, SWVM04DESCRIPCION, SWVM04URL, SWVM04SIZE, SWVM04IMAGENAME, SWVM04PROV_ID, SWVM04FECHA_REGPRO, SWVM04FECHA_UPDATE)

VALUES     (17, 4, ' ZELKOVA ', 3.00, 100, 
                      'BONSAI HERMOSO DE CULTIVO CUIDADOSO CON UN TRONCO DURO Y HOJAS GRUESAS',
                       NULL, 0.05, '17.JPG',1 , GETDATE(),GETDATE())

INSERT INTO SWVMMPRODUCTO04
                      (SWVM04PROD_ID, SWVM04CATE_ID, SWVM04PROD_NOMBRE, SWVM04PRECIO, SWVM04STOCK, SWVM04DESCRIPCION, SWVM04URL, SWVM04SIZE, SWVM04IMAGENAME, SWVM04PROV_ID, SWVM04FECHA_REGPRO, SWVM04FECHA_UPDATE)

VALUES     (1, 5, ' MEDINILLA', 0.20, 100, 
                      ' ES UNA ESPECIE DE DIFICIL CULTIVO SIN EMBARGO SI LE OFRECEMOS TODOS LOS CUIDADOS  CRECERA CON UN COLORIDO SIN IGUAL',
                       NULL, 0.05, '1.JPG',1 , GETDATE(),GETDATE())


INSERT INTO SWVMMPRODUCTO04
                      (SWVM04PROD_ID, SWVM04CATE_ID, SWVM04PROD_NOMBRE, SWVM04PRECIO, SWVM04STOCK, SWVM04DESCRIPCION, SWVM04URL, SWVM04SIZE, SWVM04IMAGENAME, SWVM04PROV_ID, SWVM04FECHA_REGPRO, SWVM04FECHA_UPDATE)

VALUES     (2, 5, ' HELECHOS ', 0.50, 100, 
                      'SON UN GRUPO DE PLANTAS VASCULARES SON PLANTAS QUE CARECEN DE SEMILLAS Y SE REPRODUCEN POR ESPORAS',
                       NULL, 2.00, '2.JPG',1 , GETDATE(),GETDATE())




INSERT INTO SWVMMPRODUCTO04
                      (SWVM04PROD_ID, SWVM04CATE_ID, SWVM04PROD_NOMBRE, SWVM04PRECIO, SWVM04STOCK, SWVM04DESCRIPCION, SWVM04URL, SWVM04SIZE, SWVM04IMAGENAME, SWVM04PROV_ID, SWVM04FECHA_REGPRO, SWVM04FECHA_UPDATE)

VALUES     (3, 5, ' ORQUIDEAS', 2.00, 100, 
                      'TIENEN FLORES MUY GRANDES Y VISTOSAS PUEDEN VIVIR ENTRE CINCUENTA Y SETENTA AÑOS Y TRANSCURREN UNOS 4 AÑOS DESDE LA GERMINACION DE LA SEMILLA HATA LA PRIMERA FLOR',
                       NULL, 0.08, '3.JPG',1 , GETDATE(),GETDATE())


INSERT INTO SWVMMPRODUCTO04
                      (SWVM04PROD_ID, SWVM04CATE_ID, SWVM04PROD_NOMBRE, SWVM04PRECIO, SWVM04STOCK, SWVM04DESCRIPCION, SWVM04URL, SWVM04SIZE, SWVM04IMAGENAME, SWVM04PROV_ID, SWVM04FECHA_REGPRO, SWVM04FECHA_UPDATE)

VALUES     (4, 5, 'ALPINIA', 1.00, 100, 
                      'EXTREMADAMENTE FUERTE AGUANTA VIENTOS FUERTES INDIRECTOS TEMPERATURAS HATA 0 GRADOS REQUIERE SEMISOMBRA O SOMBRA HUMEDAD Y RIEGO ABUNDANTE EN VERANO',
                       NULL, 0.06, '4.JPG',1 , GETDATE(),GETDATE())



INSERT INTO SWVMMPRODUCTO04
                      (SWVM04PROD_ID, SWVM04CATE_ID, SWVM04PROD_NOMBRE, SWVM04PRECIO, SWVM04STOCK, SWVM04DESCRIPCION, SWVM04URL, SWVM04SIZE, SWVM04IMAGENAME, SWVM04PROV_ID, SWVM04FECHA_REGPRO, SWVM04FECHA_UPDATE)

VALUES     (5, 5, ' ANTURIOS ROJOS', 2.00, 100, 
                      'DE COLORES ROJOS BRILLANTES PONEN EN CONTRASTE MARAVILLOSAMENTE CON LAS HOJAS AMPLIAS CEROSAS DELICIOSAS SON DE ROBUSTAS HOJAS',
                       NULL, 0.05, '5.JPG',1 , GETDATE(),GETDATE())

INSERT INTO SWVMMPRODUCTO04
                      (SWVM04PROD_ID, SWVM04CATE_ID, SWVM04PROD_NOMBRE, SWVM04PRECIO, SWVM04STOCK, SWVM04DESCRIPCION, SWVM04URL, SWVM04SIZE, SWVM04IMAGENAME, SWVM04PROV_ID, SWVM04FECHA_REGPRO, SWVM04FECHA_UPDATE)

VALUES     (6, 5, ' AVE DEL PARAISO', 3.00, 100, 
                      'CARECE DE TRONCO Y EN SU LUGAR CONSTA DE VARIOS TALLOS HERBACEOS GRUESOS QUE NACEN VERTICALMENTE DE UN RIZOMA GRANDE SUBTERRANEO ',
                       NULL, 0.10, '6.JPG',1 , GETDATE(),GETDATE())

INSERT INTO SWVMMPRODUCTO04
                      (SWVM04PROD_ID, SWVM04CATE_ID, SWVM04PROD_NOMBRE, SWVM04PRECIO, SWVM04STOCK, SWVM04DESCRIPCION, SWVM04URL, SWVM04SIZE, SWVM04IMAGENAME, SWVM04PROV_ID, SWVM04FECHA_REGPRO, SWVM04FECHA_UPDATE)

VALUES     (7, 5, ' ANTHURIUM', 2.50, 100, 
                      'LORES EXOTICAS DE COLORES ROJO ROSADO BLANCO Y ANARANJADO ALCANZA UNA ALTURA DE UN METRO SON GURESAO Y CARNOSO',
                       NULL, 0.06, '7.JPG',1 , GETDATE(),GETDATE())


INSERT INTO SWVMMPRODUCTO04
                      (SWVM04PROD_ID, SWVM04CATE_ID, SWVM04PROD_NOMBRE, SWVM04PRECIO, SWVM04STOCK, SWVM04DESCRIPCION, SWVM04URL, SWVM04SIZE, SWVM04IMAGENAME, SWVM04PROV_ID, SWVM04FECHA_REGPRO, SWVM04FECHA_UPDATE)

VALUES     (8, 5, ' CICA REVOLUTA', 3.00, 100, 
                      'DE CONTRASTE MARAVILLOSO CON HOJAS AMPLIAS Y CEROSAS DE DIFERENTES COLORES ',
                       NULL, 0.09, '8.JPG',1 , GETDATE(),GETDATE())


INSERT INTO SWVMMPRODUCTO04
                      (SWVM04PROD_ID, SWVM04CATE_ID, SWVM04PROD_NOMBRE, SWVM04PRECIO, SWVM04STOCK, SWVM04DESCRIPCION, SWVM04URL, SWVM04SIZE, SWVM04IMAGENAME, SWVM04PROV_ID, SWVM04FECHA_REGPRO, SWVM04FECHA_UPDATE)

VALUES     (9, 5, ' PLATANO GUINEO', 4.00, 100, 
                      'PLANTAS HERBACEAS QUE PRODUCEN UN FRUTO LLAMADO BANANO ORIGINARIAS DEL SURESTE ASIATICO ',
                       NULL, 0.10, '9.JPG',1 , GETDATE(),GETDATE())



INSERT INTO SWVMMPRODUCTO04
                      (SWVM04PROD_ID, SWVM04CATE_ID, SWVM04PROD_NOMBRE, SWVM04PRECIO, SWVM04STOCK, SWVM04DESCRIPCION, SWVM04URL, SWVM04SIZE, SWVM04IMAGENAME, SWVM04PROV_ID, SWVM04FECHA_REGPRO, SWVM04FECHA_UPDATE)

VALUES     (10, 5, ' BOUGAINVILLEA', 2.00, 100, 
                      'ORIGINARIAS DE AMERICA DEL SUR  ESTA PLANTA ES CAPAZ DE RESISTIR TODOS LOS CLIMAS ESPECIALEMTNE LOS CALIDOS Y SECOS PRODUCE TODA GAMA DE COLORES EN SUS FLORES',
                       NULL, 0.05, '10.JPG',1 , GETDATE(),GETDATE())



INSERT INTO SWVMMPRODUCTO04
                      (SWVM04PROD_ID, SWVM04CATE_ID, SWVM04PROD_NOMBRE, SWVM04PRECIO, SWVM04STOCK, SWVM04DESCRIPCION, SWVM04URL, SWVM04SIZE, SWVM04IMAGENAME, SWVM04PROV_ID, SWVM04FECHA_REGPRO, SWVM04FECHA_UPDATE)

VALUES     (11, 5, ' DIEFFENBACHIA AMOENA', 2.00, 100, 
                      ' PLANTAS SE SEMILLA PEQUEÑA CAPAZ DE RESISTIR A TODOS LOS CLIMAS CALIDOS Y SECOS ORIGINARIA DE AMERIA DEL SUR',
                       NULL, 0.05, '11.JPG',1 , GETDATE(),GETDATE())



INSERT INTO SWVMMPRODUCTO04
                      (SWVM04PROD_ID, SWVM04CATE_ID, SWVM04PROD_NOMBRE, SWVM04PRECIO, SWVM04STOCK, SWVM04DESCRIPCION, SWVM04URL, SWVM04SIZE, SWVM04IMAGENAME, SWVM04PROV_ID, SWVM04FECHA_REGPRO, SWVM04FECHA_UPDATE)

VALUES     (1, 6, ' AGUACATE', 0.20, 100, 
                      'LA MISMA SEMILLA DE LA FRUTA NOS SIRVE PARA LA CREACION Y CULTIVACION DE ESTA PLANTA',
                       NULL, 0.05, '1.JPG',1 , GETDATE(),GETDATE())

INSERT INTO SWVMMPRODUCTO04
                      (SWVM04PROD_ID, SWVM04CATE_ID, SWVM04PROD_NOMBRE, SWVM04PRECIO, SWVM04STOCK, SWVM04DESCRIPCION, SWVM04URL, SWVM04SIZE, SWVM04IMAGENAME, SWVM04PROV_ID, SWVM04FECHA_REGPRO, SWVM04FECHA_UPDATE)

VALUES     (2, 6, ' ANIS', 0.50, 100, 
                      'SEMILLAS DE ANIS PARA INFUSIONES ',
                       NULL, 0.03, '2.JPG',1 , GETDATE(),GETDATE())

INSERT INTO SWVMMPRODUCTO04
                      (SWVM04PROD_ID, SWVM04CATE_ID, SWVM04PROD_NOMBRE, SWVM04PRECIO, SWVM04STOCK, SWVM04DESCRIPCION, SWVM04URL, SWVM04SIZE, SWVM04IMAGENAME, SWVM04PROV_ID, SWVM04FECHA_REGPRO, SWVM04FECHA_UPDATE)

VALUES     (3, 6, ' DURAZNO', 0.20, 100, 
                      'LA MISMA SEMILLA DE LA FRUTA SIRVE PARA LA CULTIVACION DE ESTA PLANTA CON UN PERIODO DE SECADO DE ESTA',
                       NULL, 0.05, '3.JPG',1 , GETDATE(),GETDATE())

INSERT INTO SWVMMPRODUCTO04
                      (SWVM04PROD_ID, SWVM04CATE_ID, SWVM04PROD_NOMBRE, SWVM04PRECIO, SWVM04STOCK, SWVM04DESCRIPCION, SWVM04URL, SWVM04SIZE, SWVM04IMAGENAME, SWVM04PROV_ID, SWVM04FECHA_REGPRO, SWVM04FECHA_UPDATE)

VALUES     (4, 6, ' GIRASOL', 0.50, 100, 
                      'SEMILLAS EXTRAIDAS DE LA MISMA PLANTA PARA SEMBRARLA',
                       NULL, 0.05, '4.JPG',1 , GETDATE(),GETDATE())

INSERT INTO SWVMMPRODUCTO04
                      (SWVM04PROD_ID, SWVM04CATE_ID, SWVM04PROD_NOMBRE, SWVM04PRECIO, SWVM04STOCK, SWVM04DESCRIPCION, SWVM04URL, SWVM04SIZE, SWVM04IMAGENAME, SWVM04PROV_ID, SWVM04FECHA_REGPRO, SWVM04FECHA_UPDATE)

VALUES     (5, 6, ' MANZANA', 0.20, 100, 
                      'SEMILLA DE LA FRUTA CON UN PERIODO DE SECADO PARA SEMBRARLA ',
                       NULL, 0.05, '5.JPG',1 , GETDATE(),GETDATE())



INSERT INTO SWVMMPRODUCTO04
                      (SWVM04PROD_ID, SWVM04CATE_ID, SWVM04PROD_NOMBRE, SWVM04PRECIO, SWVM04STOCK, SWVM04DESCRIPCION, SWVM04URL, SWVM04SIZE, SWVM04IMAGENAME, SWVM04PROV_ID, SWVM04FECHA_REGPRO, SWVM04FECHA_UPDATE)

VALUES     (6, 6, 'NARANJA', 0.50, 100, 
                      'SEMILLA EXTRAIDAS DE LA MISMA PLANTA FRUTAL CON PERIODO DE SECADO',
                       NULL, 0.06, '6.JPG',1 , GETDATE(),GETDATE())


INSERT INTO SWVMMPRODUCTO04
                      (SWVM04PROD_ID, SWVM04CATE_ID, SWVM04PROD_NOMBRE, SWVM04PRECIO, SWVM04STOCK, SWVM04DESCRIPCION, SWVM04URL, SWVM04SIZE, SWVM04IMAGENAME, SWVM04PROV_ID, SWVM04FECHA_REGPRO, SWVM04FECHA_UPDATE)

VALUES     (7, 6, 'SANDIA', 0.50, 100, 
                      'SEMILLA EXTRAIDA DE LA PLANTA FRUTAL',
                       NULL, 0.02, '7.JPG',1 , GETDATE(),GETDATE())


INSERT INTO SWVMMPRODUCTO04
                      (SWVM04PROD_ID, SWVM04CATE_ID, SWVM04PROD_NOMBRE, SWVM04PRECIO, SWVM04STOCK, SWVM04DESCRIPCION, SWVM04URL, SWVM04SIZE, SWVM04IMAGENAME, SWVM04PROV_ID, SWVM04FECHA_REGPRO, SWVM04FECHA_UPDATE)

VALUES     (8, 6, ' TOMATE', 0.80, 100, 
                      'SEMILLAS EXTRAIDA DE LA FRUTA CON PERIODO DE SECADO',
                       NULL, 0.05, '8.JPG',1 , GETDATE(),GETDATE())

					   
-- CLIENTE --

INSERT INTO SWVMMCLIENTE02
                      (SWVM02CLI_ID, SWVM02NOMBRE, SWVM02DIRECCION, SWVM02CIRUC, SWVM02PROVINCIA, SWVM02CIUDAD, SWVM02TELEFONO1, SWVM02TELEFONO2, SWVM02EMAIL, SWVM02CLAVE, SWVM02ESTADO, SWVM02FECHA_REGC, SWVM02FECHA_UPDATE)
VALUES     (1000,'GUSTAVO LOZADA', 'ALBORADA', '0920953684', 'GUAYAS', 'GUAYAQUIL',
					  '042215181',NULL,'zelote57@gmail.com','eQcUZ7NteC1s3K7P1NxWXKSAQvpwDmoNDpdhnptsMLI=','A', GETDATE(), GETDATE());

-- USUARIO --

INSERT INTO SWVMMUSUARIO08
     (SWVM08USER_ID, SWVM08NOMBRE, SWVM08DEPARTAMENTO, SWVM08CARGO, SWVM08EMAIL, SWVM08CLAVE,
      SWVM08ESTADO, SWVM08FECHA_REGU, SWVM08FECHA_UPDATE)
VALUES
    (1,'GUSTAVO LOZADA', 'SISTEMAS', 'GERENTE', 'webmaster@viveromarket.com', 'eQcUZ7NteC1s3K7P1NxWXKSAQvpwDmoNDpdhnptsMLI=',
    'A', GETDATE(), GETDATE());

	
-- PAGINA --

INSERT INTO SWVMHPAGINA10
VALUES (
1,
'
<table width="100%" border="0" cellpadding="0" cellspacing="0">
        <tbody>
        <tr>
            <td style="text-align: left;" colspan="4">
            <br>
                <span><span style="font-size: 24pt;"><span style="color: rgb(0, 0, 0);">&nbsp;Bienvenidos</span> <span style="color: rgb(255, 255, 153); font-size: 16pt;">
                    <span style="color: rgb(0, 0, 0);">a</span> <span style="color: rgb(255, 153, 0);">Vivero</span><span style="color: rgb(255, 153, 51);">Market.. <span style="font-size: 14pt; color: rgb(255, 255, 255);">vida para
                            tu hogar.</span></span></span></span></span></td>
            <td style="width: 121px;">
            <br></td>
        </tr>
        <tr>
            <td style="width: 147px; height: 2px;">
            <br></td>
            <td style="height: 2px;">
            <br></td>
            <td style="width: 224px; height: 2px;">
            <br></td>
            <td style="width: 898px; height: 2px;">
            <br></td>
            <td style="width: 121px; height: 2px;">
            <br></td>
        </tr>
        <tr>
            <td style="width: 147px;">
            <br></td>
            <td style="vertical-align: top;">
                <img class="corner iradius16" src="http://viveromarket.com/images/img_bienvenida.jpg" style="width: 271px; height: 293px;"></td>
            <td style="width: 224px;">
            <br></td>
            <td rowspan="2" style="vertical-align: super; width: 898px; text-align: left;">
                <table width="100%" border="0" cellpadding="0" cellspacing="0">
                    <tbody><tr>
                        <td rowspan="5" style="background-position: 98% top; background-image: url(&quot;images/bghome.jpg&quot;); background-repeat: no-repeat; text-align: justify;">
                            <span style="font-size: 11pt;">ViveroMarket es una empresa que en poco tiempo
                                ha tenido un gran crecimiento gracias a la aceptación y recomendación de nuestros
                                clientes.</span>
                                <br>
                                <br>
                                 <span style="font-size: 11pt;">Actualmente contamos con tres sucursales  con una gran variedad de plantas
                                  y macetas para todos los gustos.</span><br>
                                <br>
                                   <span style="font-size: 11pt;">ViveroMarket además de contar con la mejor calidad de plantas de Aguascalientes cuenta con otros servicios como diseños por computadora, fumigaciones y fertilizaciones, pasto en rollo, etc.</span><br>
                                <br><span style="font-size: 11pt;">Recuerde, ViveroMarket con sus servicios le transmite, confort, tranquilidad, funcionalidad, exclusividad y el respaldo de una empresa seria y comprometida con nuestra naturaleza.</span></td>
                    </tr>
                    <tr>
                    </tr>
                    <tr>
                    </tr>
                    <tr>
                    </tr>
                    <tr>
                    </tr>
                </tbody></table>
            </td>
            <td style="width: 121px;">
            <br></td>
        </tr>
        <tr>
            <td style="width: 147px; height: 1px;">
            <br></td>
            <td style="height: 1px;">
            <br></td>
            <td style="width: 224px; height: 1px;">
            <br></td>
            <td style="width: 121px; height: 1px;">
            <br></td>
        </tr>
        <tr>
            <td style="width: 147px;">
            <br></td>
            <td style="text-align: justify;" colspan="">
                <span style="font-size: 11pt;">Mediante este Sitio Web usted tiene la oportunidad de cotizar nuestros productos en línea, obteniendo
                    así los mejores precios del Mercado.</span></td>
            <td style="width: 224px;">
            <br></td>
            <td style="width: 898px; text-align: left;">
                &nbsp; &nbsp; &nbsp;&nbsp; &nbsp;
                <img class="corner iradius16" src="http://viveromarket.com/images/img_macetas.jpg" style="width: 280px; height: 91px;"></td>
            <td style="width: 121px;">
            <br></td>
        </tr>
        <tr>
            <td style="width: 147px; height: 3px;">
            <br></td>
            <td style="height: 3px;">
            <br></td>
            <td style="width: 224px; height: 3px;">
            <br></td>
            <td style="width: 898px; height: 3px;">
            <br></td>
            <td style="width: 121px; height: 3px;">
            <br></td>
        </tr>
        <tr>
            <td style="width: 147px;">
            <br></td>
            <td colspan="3" style="vertical-align: top;">
                <span style="font-size: 11pt; vertical-align: top;">&nbsp;<img class="corner iradius16" src="http://viveromarket.com/images/img_viveros.jpg" style="vertical-align: super; width: 271px; height: 93px;">&nbsp; &nbsp; &nbsp; &nbsp; &nbsp; &nbsp;
                    <img class="corner iradius16" src="http://viveromarket.com/images/img_diseno.jpg" style="vertical-align: top; width: 277px; height: 88px;"></span></td>
            <td style="width: 121px;">
            <br></td>
        </tr>
    </tbody></table>
',
'HOME', 'Página Principal de Vivero Market', GETDATE(), GETDATE(), 1)

INSERT INTO SWVMHPAGINA10
VALUES (
2,
'
<table width="100%" border="0" cellpadding="0" cellspacing="0">
        <tbody><tr>
            <td style="width: 16px; height: 20px;">
            </td>
            <td style="height: 20px;">
            </td>
            <td style="width: 14px; height: 20px;">
            </td>
        </tr>
        <tr>
            <td style="width: 16px;">
            </td>
            <td>
                <span style="font-size: 14pt;">Quienes Somos</span></td>
            <td style="width: 14px;">
            </td>
        </tr>
        <tr>
            <td style="width: 16px; height: 5px;">
            </td>
            <td style="border-bottom-color: rgb(136, 204, 85); height: 5px; border-bottom-style: solid;">
            </td>
            <td style="width: 14px; height: 5px;">
            </td>
        </tr>
        <tr>
            <td style="width: 16px; height: 10px;">
            </td>
            <td style="height: 10px;">
            </td>
            <td style="width: 14px; height: 10px;">
            </td>
        </tr>
        <tr>
            <td style="width: 16px;">
            </td>
            <td style="text-align: justify;">
                <span style="font-size: 11pt;">Somos una empresa dedicada a la comercialización de plantas,
                    ViveroMarket es nuestro nombre comercia utilizado para establecer presencia en Internet.<br>
                    <br>
                    La Empresa Vivero Cía. Ltda, fue creada y registrada en el año de 1984 contamos
                    con local propio, más desde mucho antes formamos parte de una tradición familiar,
                    que hereda habilidades y amor por la naturaleza a nuestras generaciones.<br>
                </span>
            </td>
            <td style="width: 14px;">
            </td>
        </tr>
        <tr>
            <td style="width: 16px; height: 25px;">
            </td>
            <td style="height: 25px;">
            </td>
            <td style="width: 14px; height: 25px;">
            </td>
        </tr>
        <tr>
            <td style="width: 16px;">
            </td>
            <td>
                <span style="font-size: 14pt;">Misión</span></td>
            <td style="width: 14px;">
            </td>
        </tr>
        <tr>
            <td style="width: 16px; height: 5px;">
            </td>
            <td style="border-bottom-color: rgb(255, 187, 85); height: 5px; border-bottom-style: solid;">
            </td>
            <td style="width: 14px; height: 5px;">
            </td>
        </tr>
        <tr>
            <td style="width: 16px; height: 10px;">
            </td>
            <td style="height: 10px;">
            </td>
            <td style="width: 14px; height: 10px;">
            </td>
        </tr>
        <tr>
            <td style="width: 16px;">
            </td>
            <td style="text-align: justify;">
                <span style="font-size: 11pt;">Colaborar en el cuidado del medio ambiente, desarrollando
                    espacios verdes armónicos, manteniendo y cultivando especies botánicas, compartiendo
                    conocimientos y experiencias con personas que valoran y disfrutan la naturaleza,
                    teniendo como objetivo común mejorar la calidad de vida de quienes habitamos la
                    tierra protegiendo y preservando el medio ambiente.<br>
                    <br>
                    Todo esto con el soporte del personal con la más alta experiencia en plantas, para
                    satisfacer a nuestros clientes.</span></td>
            <td style="width: 14px;">
            </td>
        </tr>
        <tr>
            <td style="width: 16px; height: 25px;">
            </td>
            <td style="height: 25px;">
            </td>
            <td style="width: 14px; height: 25px;">
            </td>
        </tr>
        <tr>
            <td style="width: 16px;">
            </td>
            <td>
                <span style="font-size: 14pt;">Visión</span></td>
            <td style="width: 14px;">
            </td>
        </tr>
        <tr>
            <td style="width: 16px;">
            </td>
            <td style="border-bottom-color: rgb(238, 238, 102); border-bottom-style: solid;">
                <span style="font-size: 14pt;"></span>
            </td>
            <td style="width: 14px;">
            </td>
        </tr>
        <tr>
            <td style="width: 16px; height: 10px;">
            </td>
            <td style="height: 10px;">
            </td>
            <td style="width: 14px; height: 10px;">
            </td>
        </tr>
        <tr>
            <td style="width: 16px;">
            </td>
            <td style="text-align: justify;">
                <span style="font-size: 11pt;">Somos una Empresa activa y competitiva, económicamente
                    rentable y ambientalmente sostenible, con un grupo humano que trabaja en un entorno
                    agradable, mejorando su nivel de vida, el de sus familias y el de los clientes.<br>
                    <br>
                    Nuestra empresa tiene como visión llegar a ser la empresa líder en el país en la
                    venta y asesoría de plantas mediante estrategias que garanticen el desarrollo sostenible.</span></td>
            <td style="width: 14px;">
            </td>
        </tr>
        <tr>
            <td style="width: 16px; height: 10px;">
            </td>
            <td style="height: 10px;">
            </td>
            <td style="width: 14px; height: 10px;">
            </td>
        </tr>
    </tbody></table>
',
'SOMOS', 'Página con detalles de la Empresa', GETDATE(), GETDATE(), 1)

INSERT INTO SWVMHPAGINA10 
VALUES (
3, 
'
<table width="100%" border="0" cellpadding="0" cellspacing="0">
        <tbody><tr>
            <td style="width: 17px; height: 10px;">
            <br></td>
            <td colspan="3" style="height: 10px;">
            <br></td>
            <td style="width: 20px; height: 10px;">
            <br></td>
        </tr>
        <tr>
            <td style="width: 17px;">
            <br></td>
            <td colspan="3">
                <span style="font-size: 14pt;">Nuestros Servicios</span></td>
            <td style="width: 20px; font-size: 9pt;">
            <br></td>
        </tr>
        <tr style="font-size: 9pt;">
            <td style="width: 17px; height: 3px;">
            <br></td>
            <td colspan="3" style="border-bottom: thick solid rgb(255, 187, 85); height: 3px;">
            <br></td>
            <td style="width: 20px; height: 3px;">
            <br></td>
        </tr>
        <tr style="font-size: 9pt;">
            <td style="width: 17px; height: 10px;">
            <br></td>
            <td style="width: 311px; height: 10px;">
            <br></td>
            <td style="width: 20px; height: 10px;">
            <br></td>
            <td style="width: 340px; height: 10px;">
            <br></td>
            <td style="width: 20px; height: 10px;">
            <br></td>
        </tr>
        <tr style="font-size: 9pt;">
            <td style="width: 17px; height: 14px;">
            <br></td>
            <td colspan="3" style="height: 14px;">
                <span style="color: rgb(136, 204, 85);"><strong>Servicios de Jardinería</strong></span></td>
            <td style="width: 20px; height: 14px;">
            <br></td>
        </tr>
        <tr style="font-size: 9pt;">
            <td style="width: 17px; height: 14px;">
            <br></td>
            <td colspan="2" style="vertical-align: top; height: 14px;">
                <br>
                <ul>
                    <li>Proyección y Diseño de Jardines</li><li>Creación de Parques y Jardines</li><li>Acondicionamiento y Mantenimiento de áreas verdes.</li><li>Creación y conservación de campos de fútbol, campos de golf, áreas recreativas y
                        áreas verdes en General.</li><li>Poda de árboles de gran porte</li><li>Diferentes altura Poda y cirugías arbóreas y arbustivas</li><li>Tratamientos fitosanitarios</li></ul>
            </td>
            <td style="width: 340px; height: 14px; text-align: center;">
                <img class="reflex" src="http://viveromarket.com/images/jardin.jpg" style="width: 214px; height: 166px;"></td>
            <td style="width: 20px; height: 14px;">
            <br></td>
        </tr>
        <tr style="font-size: 9pt;">
            <td style="width: 17px; height: 14px;">
            <br></td>
            <td style="width: 311px; height: 14px;">
            <br></td>
            <td style="width: 20px; height: 14px;">
            <br></td>
            <td style="width: 340px; height: 14px;">
            <br></td>
            <td style="width: 20px; height: 14px;">
            <br></td>
        </tr>
        <tr style="font-size: 9pt;">
            <td style="width: 17px;">
            <br></td>
            <td style="width: 311px;">
                <strong><span style="color: rgb(136, 204, 85);">División Diseño</span></strong></td>
            <td style="width: 20px;">
            <br></td>
            <td style="width: 340px;">
            <br></td>
            <td style="width: 20px;">
            <br></td>
        </tr>
        <tr style="font-size: 9pt;">
            <td style="width: 17px;">
            <br></td>
            <td style="width: 311px;">
                <ul>
                    <li style="margin-top: 0pt; margin-bottom: 0pt;">Automatizado y manual para residencias,
                        comercios, industrias, Campos deportivos y demás áreas verdes.</li>
                    <li style="margin-top: 0pt; margin-bottom: 0pt;"><b><span style="font-size: 9pt;">Riego
                        municipal</span></b><br>
                        Jardines públicos, Parques,y&nbsp; áreas ajardinadas&nbsp;</li>
                    <li style="margin-top: 0pt; margin-bottom: 0pt;"><b><span style="font-size: 9pt;">Riego
                        de Campos Deportivos</span></b><br>
                        Complejos deportivos, o campos de césped natural o artificial</li>
                    <li style="margin-top: 0pt; margin-bottom: 0pt;"><b><span style="font-size: 9pt;">Riego
                        de Campos de Golf</span></b><br>
                        Nuevos campos y renovaciones.</li>
                    <li style="margin-top: 0pt; margin-bottom: 0pt;"><b><span style="font-size: 9pt;">Riego
                        de Cultivos Agrícolas</span></b><br>
                        Viveros, Ruego Agrícola.</li>
                </ul>
            </td>
            <td style="width: 20px;">
            <br></td>
            <td style="width: 340px; text-align: center;">
                <img class="reflex" src="http://viveromarket.com/images/irrigacion.jpg" style="width: 214px; height: 166px;"></td>
            <td style="width: 20px;">
            <br></td>
        </tr>
        <tr style="font-size: 9pt;">
            <td style="width: 17px;">
            <br></td>
            <td style="width: 311px;">
            <br></td>
            <td style="width: 20px;">
            <br></td>
            <td style="width: 340px;">
            <br></td>
            <td style="width: 20px;">
            <br></td>
        </tr>
    </tbody></table>

',
'SERVICIOS', 'Muestra los servicios que presta ViveroMarket', GETDATE(), GETDATE(), 1)

INSERT INTO SWVMHPAGINA10 
VALUES (
4, 
'
<table width="100%">
        <tr>
            <td style="width: 9px">
            </td>
            <td style="width: 632px">
            </td>
            <td style="width: 11px">
            </td>
        </tr>
        <tr>
            <td style="width: 9px">
            </td>
            <td style="width: 632px">
                <span style="font-size: 14pt">Términos y Condiciones</span></td>
            <td style="width: 11px">
            </td>
        </tr>
        <tr>
            <td style="width: 9px">
            </td>
            <td style="width: 632px; border-bottom: rgb(255,187,85) thick solid; height: 3px">
            </td>
            <td style="width: 11px">
            </td>
        </tr>
        <tr>
            <td style="width: 9px; height: 5px;">
            </td>
            <td style="width: 632px; height: 5px;">
            </td>
            <td style="width: 11px; height: 5px;">
            </td>
        </tr>
        <tr>
            <td style="width: 9px">
            </td>
            <td style="width: 632px">
                <table bgcolor="#999999" border="0" cellpadding="0" cellspacing="0" width="580">
                    <tr>
                        <td>
                            <font class="largeb" color="#ffffff"><font color="#ffffff"><span style="color: #000000">
                                <strong>1. Aceptación</strong></span></font></font></td>
                    </tr>
                </table>
                <p align="justify">
                    &nbsp;</p>
                <p align="justify">
                    TODAS LAS VENTAS ESTAN SUJETAS A LOS TÉRMINOS y CONDICIONES AQUI CONTENIDOS y POR
                    LO TANTO AL CONSENTIMIENTO DEL COMPRADOR, LOS CUALES HAN SIDO FIRMADOS EN EL CONVENIO
                    DE CUENTA NUEVA. NINGUNA VARIACIÓN DE ESTOS TÉRMINOS y CONDICIONES SERA ADJUDICABLE
                    AL VENDEDOR A MENOS QUE SE EXPRESE POR ESCRITO y SEA FIRMADA POR UN REPRESENTANTE
                    O PERSONA AUTORIZADA POR PARTE DEL VENDEDOR.</p>
                <table bgcolor="#999999" border="0" cellpadding="0" cellspacing="0" style="color: #0000ff;
                    text-decoration: underline" width="580">
                    <tr>
                        <td>
                            <font color="#ffffff"><font class="largeb" color="#ffffff"><a href="http://www.sigmaaldrich.com/mexico/terms-and-conditions.html"
                                name="Características "></a><strong><span style="color: #000000">2. Características</span></strong></font></font></td>
                    </tr>
                </table>
                <p align="justify">
                    &nbsp;</p>
                <p align="justify">
                    La cantidad y características de los Productos, el precio de venta de los mismos,
                    su forma de pago así como los intereses, son aquellos que se señalan en el cuerpo
                    de nuestras facturas.
                </p>
                <table bgcolor="#999999" border="0" cellpadding="0" cellspacing="0" style="color: #0000ff;
                    text-decoration: underline" width="580">
                    <tr>
                        <td style="height: 14px">
                            <font class="largeb" color="#ffffff"><font color="#ffffff"><a href="http://www.sigmaaldrich.com/mexico/terms-and-conditions.html"
                                name="Modificaciones"></a><strong><span style="color: #000000">3. Modificaciones</span></strong></font></font></td>
                    </tr>
                </table>
                <p align="justify">
                    &nbsp;</p>
                <p align="justify">
                    Las órdenes de compra únicamente pueden ser modificadas o corregidas mediante acuerdo
                    por escrito y firmado tanto por el Comprador como por el Vendedor, asentando los
                    cambios específicos a realizarse, y en su caso, las modificaciones en el precio
                    y en los tiempos de entrega. El Comprador no podrá cancelar su pedido a menos que
                    tal cancelación cuente con el consentimiento por escrito del Vendedor.</p>
                <p>
                    <table bgcolor="#999999" border="0" cellpadding="0" cellspacing="0" width="580">
                        <tr>
                            <td>
                                <font color="#ffffff"><font class="largeb" color="#ffffff"><strong><span style="color: #000000">
                                    4. Pagos</span></strong></font></font></td>
                        </tr>
                    </table>
                </p>
                <p align="justify">
                    &nbsp;</p>
                <p align="justify">
                    Los términos de venta se indican en las facturas (pago anticipado, crédito 30 días,
                    contra entrega, etc.) Si la situación financiera del Comprador resultara en la inseguridad
                    del Vendedor a su entera e irreputable duda hacia la total posibilidad de cobranza
                    del precio de compra, el Vendedor podrá, sin necesidad de notificación al Comprador,
                    demorar o posponer la entrega de los productos; y el Vendedor, a su propia elección,
                    estará autorizado a modificar los términos a pago total o parcial por anticipado
                    al embarque del total o faltantes del pedido. En el caso de que el Comprador falle
                    en el pago del precio de compra de ésta, o cualquier otra orden de compra, el Vendedor,
                    sin perjuicio de cualquiera de los demás remedios legales, podrá retrasar la entrega,
                    cancelar este pedido, o vender a terceros los productos pendientes de entrega a
                    la cuenta del Comprador y aplicar tales productos como un abono, sin arreglo o deducción,
                    de cualquier tipo, contra el precio de compra del contrato, y el Comprador estará
                    de acuerdo en pagar el saldo debido al Vendedor cuando le sea solicitado. El Comprador
                    está de acuerdo en pagar todos los costos, incluyendo, pero no limitado a, cargos
                    razonables por Intereses moratorios, abogados y contabilidad así como
                    otros gastos
                    de cobranza como resultado de falla por parte del Comprador de los términos aquí
                    asentados.</p>
            </td>
            <td style="width: 11px">
            </td>
        </tr>
        <tr>
            <td style="width: 9px">
            </td>
            <td style="width: 632px">
            </td>
            <td style="width: 11px">
            </td>
        </tr>
    </table>
',
'TERMINOS', 'Muestra los términos y condiciones de ViveroMarket', GETDATE(), GETDATE(), 1)